measure,network_1_values,network_2_values,type,weight_1,weight_2,weight
num_nodes,7.898782494756193,9.911852471326279,Component Measure,1.0,1.0,1.0
num_edges,8.74703428943754,10.562871103611926,Component Measure,1.0,1.0,1.0
largest_wcc_proportion,0.806978,0.999603,Component Measure,1.0,1.0,1.0
second_largest_wcc_proportion,0.040089,0.000397,Component Measure,1.0,1.0,1.0
min_wcc_size_proportion,0.000742,0.000397,Component Measure,1.0,1.0,1.0
largest_scc_proportion,0.013363,0.01666,Component Measure,1.0,1.0,1.0
second_largest_scc_proportion,0.005197,9.9e-5,Component Measure,1.0,1.0,1.0
num_isolates_proportion,0.764706,0.0,Component Measure,1.0,1.0,1.0
num_dyads_proportion,0.095588,0.0,Component Measure,1.0,1.0,1.0
num_triads_proportion,0.051471,0.0,Component Measure,1.0,1.0,1.0
num_groups_proportion,0.088235,1.0,Component Measure,1.0,1.0,1.0
bow_tie_scc_fraction,0.013363028953229399,0.016660055533518445,Component Measure,1.0,1.0,1.0
bow_tie_in_fraction,0.014847809948032665,0.002578341927806426,Component Measure,1.0,1.0,1.0
bow_tie_out_fraction,0.6139569413511508,0.9722332407774693,Component Measure,1.0,1.0,1.0
all_link_mean,1.0,0.7370130534775171,Link Measure,1.0,1.0,1.0
all_link_std,1.0,0.2711495610437913,Link Measure,1.0,1.0,1.0
non_self_proportion,0.9869675778766688,0.9963798096814233,Link Measure,1.0,1.0,1.0
non_self_mean,1.0,0.7411825342905856,Link Measure,1.0,1.0,1.0
non_self_std,1.0,0.26736273061481985,Link Measure,1.0,1.0,1.0
self_loops_proportion,0.013032422123331213,0.003620190318576748,Link Measure,1.0,1.0,1.0
self_loops_mean,1.0,0.7539513677811551,Link Measure,1.0,1.0,1.0
self_loops_std,1.0,0.5368035062829637,Link Measure,1.0,1.0,1.0
degree assortativity,0.097475,-0.089463,Global Network Measure,1.0,1.0,1.0
transitivity,0.231834,0.138257,Global Network Measure,1.0,1.0,1.0
local clustering coefficient,0.426538,0.439872,Global Network Measure,1.0,1.0,1.0
reciprocity,0.026286,0.032619,Global Network Measure,1.0,1.0,1.0
density,0.001713,0.000189,Global Network Measure,1.0,1.0,1.0
resolution,0.879167,0.5,Global Network Measure,1.0,1.0,1.0
modularity,0.592877,0.819319,Global Network Measure,1.0,1.0,1.0
003_AUMC_density,0.901654368508417,0.47708009551392977,Triad Census,0.020833333333333332,0.020833333333333332,0.020833333333333332
012_AUMC_density,0.0013550107446292851,3.963715731268496e-5,Triad Census,0.020833333333333332,0.020833333333333332,0.020833333333333332
102_AUMC_density,2.148204318039849e-5,1.2407682408263076e-6,Triad Census,0.020833333333333332,0.020833333333333332,0.020833333333333332
021D_AUMC_density,5.027821691570006e-5,2.1997472712434467e-7,Triad Census,0.020833333333333332,0.020833333333333332,0.020833333333333332
021U_AUMC_density,1.2060692457502384e-6,5.195190591259676e-9,Triad Census,0.020833333333333332,0.020833333333333332,0.020833333333333332
021C_AUMC_density,5.3765700694770134e-6,3.916080863352502e-8,Triad Census,0.020833333333333332,0.020833333333333332,0.020833333333333332
111D_AUMC_density,9.08500235681173e-8,9.682608994819215e-10,Triad Census,0.020833333333333332,0.020833333333333332,0.020833333333333332
111U_AUMC_density,8.296905766823242e-7,9.410018961108312e-9,Triad Census,0.020833333333333332,0.020833333333333332,0.020833333333333332
030T_AUMC_density,1.1758901501415529e-6,4.654044297814242e-9,Triad Census,0.020833333333333332,0.020833333333333332,0.020833333333333332
030C_AUMC_density,3.127367420589236e-10,5.95757387279375e-11,Triad Census,0.020833333333333332,0.020833333333333332,0.020833333333333332
201_AUMC_density,7.192945067355242e-9,7.524539917460855e-11,Triad Census,0.020833333333333332,0.020833333333333332,0.020833333333333332
120D_AUMC_density,1.485499524779887e-8,2.2558105237088835e-10,Triad Census,0.020833333333333332,0.020833333333333332,0.020833333333333332
120U_AUMC_density,1.399496920713683e-7,1.235265707687079e-9,Triad Census,0.020833333333333332,0.020833333333333332,0.020833333333333332
120C_AUMC_density,2.65826230750085e-9,1.4459528253759835e-10,Triad Census,0.020833333333333332,0.020833333333333332,0.020833333333333332
210_AUMC_density,2.6582623075008504e-9,1.5111137896096644e-10,Triad Census,0.020833333333333332,0.020833333333333332,0.020833333333333332
300_AUMC_density,7.81841855147309e-10,2.575409538759798e-11,Triad Census,0.020833333333333332,0.020833333333333332,0.020833333333333332
003_peak_tau,7.999999999999999,2.080083823051904,Triad Census,0.020833333333333332,0.020833333333333332,0.020833333333333332
012_peak_tau,1.0,1.0,Triad Census,0.020833333333333332,0.020833333333333332,0.020833333333333332
102_peak_tau,1.0,1.0,Triad Census,0.020833333333333332,0.020833333333333332,0.020833333333333332
021D_peak_tau,1.0,1.0,Triad Census,0.020833333333333332,0.020833333333333332,0.020833333333333332
021U_peak_tau,1.0,1.0,Triad Census,0.020833333333333332,0.020833333333333332,0.020833333333333332
021C_peak_tau,1.0,1.0,Triad Census,0.020833333333333332,0.020833333333333332,0.020833333333333332
111D_peak_tau,1.0,1.0,Triad Census,0.020833333333333332,0.020833333333333332,0.020833333333333332
111U_peak_tau,1.0,1.0,Triad Census,0.020833333333333332,0.020833333333333332,0.020833333333333332
030T_peak_tau,1.0,1.0,Triad Census,0.020833333333333332,0.020833333333333332,0.020833333333333332
030C_peak_tau,1.0,1.0,Triad Census,0.020833333333333332,0.020833333333333332,0.020833333333333332
201_peak_tau,1.0,1.0,Triad Census,0.020833333333333332,0.020833333333333332,0.020833333333333332
120D_peak_tau,1.0,1.0,Triad Census,0.020833333333333332,0.020833333333333332,0.020833333333333332
120U_peak_tau,1.0,1.0,Triad Census,0.020833333333333332,0.020833333333333332,0.020833333333333332
120C_peak_tau,1.0,1.0,Triad Census,0.020833333333333332,0.020833333333333332,0.020833333333333332
210_peak_tau,1.0,1.0,Triad Census,0.020833333333333332,0.020833333333333332,0.020833333333333332
300_peak_tau,1.0,1.0,Triad Census,0.020833333333333332,0.020833333333333332,0.020833333333333332
003_peak_density,0.9998610714558533,0.9999877298612174,Triad Census,0.020833333333333332,0.020833333333333332,0.020833333333333332
012_peak_density,0.010260332381929204,0.0010851112269991213,Triad Census,0.020833333333333332,0.020833333333333332,0.020833333333333332
102_peak_density,0.00011086919196265211,1.5869832439829545e-5,Triad Census,0.020833333333333332,0.020833333333333332,0.020833333333333332
021D_peak_density,0.0007025434713479669,8.220937029184277e-6,Triad Census,0.020833333333333332,0.020833333333333332,0.020833333333333332
021U_peak_density,1.2045917604240586e-5,1.3261246803812744e-7,Triad Census,0.020833333333333332,0.020833333333333332,0.020833333333333332
021C_peak_density,5.087023729273347e-5,1.3915266187604966e-6,Triad Census,0.020833333333333332,0.020833333333333332,0.020833333333333332
111D_peak_density,3.9581669747439964e-7,2.0877815840226006e-8,Triad Census,0.020833333333333332,0.020833333333333332,0.020833333333333332
111U_peak_density,1.0390967475430302e-5,3.389674653083848e-7,Triad Census,0.020833333333333332,0.020833333333333332,0.020833333333333332
030T_peak_density,1.2229800951886174e-5,1.452140765337839e-7,Triad Census,0.020833333333333332,0.020833333333333332,0.020833333333333332
030C_peak_density,6.233333818494482e-9,7.843081924839597e-10,Triad Census,0.020833333333333332,0.020833333333333332,0.020833333333333332
201_peak_density,4.675000363870862e-8,1.6856773092192568e-9,Triad Census,0.020833333333333332,0.020833333333333332,0.020833333333333332
120D_peak_density,2.0258334910107067e-7,4.565376045802154e-9,Triad Census,0.020833333333333332,0.020833333333333332,0.020833333333333332
120U_peak_density,2.0850501622864043e-6,4.3880287455613783e-8,Triad Census,0.020833333333333332,0.020833333333333332,0.020833333333333332
120C_peak_density,9.350000727741723e-9,2.85628655173263e-9,Triad Census,0.020833333333333332,0.020833333333333332,0.020833333333333332
210_peak_density,2.805000218322517e-8,3.476709450264717e-9,Triad Census,0.020833333333333332,0.020833333333333332,0.020833333333333332
300_peak_density,1.5583334546236207e-8,9.130752091604308e-10,Triad Census,0.020833333333333332,0.020833333333333332,0.020833333333333332
k_core_in_0,0.273092,0.011107,K-Core Decomposition,0.05555555555555555,0.030303030303030304,1.0
k_core_in_1,0.499598,0.839349,K-Core Decomposition,0.05555555555555555,0.030303030303030304,1.0
k_core_in_2,0.227309,0.024098,K-Core Decomposition,0.05555555555555555,0.030303030303030304,1.0
k_core_in_3,0.0,0.024296,K-Core Decomposition,0.0,0.030303030303030304,1.0
k_core_in_4,0.0,0.02618,K-Core Decomposition,0.0,0.030303030303030304,1.0
k_core_in_5,0.0,0.046708,K-Core Decomposition,0.0,0.030303030303030304,1.0
k_core_in_6,0.0,0.009223,K-Core Decomposition,0.0,0.030303030303030304,1.0
k_core_in_7,0.0,0.01904,K-Core Decomposition,0.0,0.030303030303030304,1.0
k_core_out_0,0.939759,0.980762,K-Core Decomposition,0.05555555555555555,0.030303030303030304,1.0
k_core_out_1,0.039357,0.001785,K-Core Decomposition,0.05555555555555555,0.030303030303030304,1.0
k_core_out_2,0.020884,0.001686,K-Core Decomposition,0.05555555555555555,0.030303030303030304,1.0
k_core_out_3,0.0,0.002777,K-Core Decomposition,0.0,0.030303030303030304,1.0
k_core_out_4,0.0,0.004562,K-Core Decomposition,0.0,0.030303030303030304,1.0
k_core_out_5,0.0,0.006347,K-Core Decomposition,0.0,0.030303030303030304,1.0
k_core_out_6,0.0,0.000198,K-Core Decomposition,0.0,0.030303030303030304,1.0
k_core_out_7,0.0,0.001884,K-Core Decomposition,0.0,0.030303030303030304,1.0
k_core_undirected_1,0.416867,0.844308,K-Core Decomposition,0.05555555555555555,0.030303030303030304,1.0
k_core_undirected_2,0.259438,0.012793,K-Core Decomposition,0.05555555555555555,0.030303030303030304,1.0
k_core_undirected_3,0.114859,0.02023,K-Core Decomposition,0.05555555555555555,0.030303030303030304,1.0
k_core_undirected_4,0.058635,0.021023,K-Core Decomposition,0.05555555555555555,0.030303030303030304,1.0
k_core_undirected_5,0.035341,0.016759,K-Core Decomposition,0.05555555555555555,0.030303030303030304,1.0
k_core_undirected_6,0.032932,0.01428,K-Core Decomposition,0.05555555555555555,0.030303030303030304,1.0
k_core_undirected_7,0.010442,0.012495,K-Core Decomposition,0.05555555555555555,0.030303030303030304,1.0
k_core_undirected_8,0.016867,0.011503,K-Core Decomposition,0.05555555555555555,0.030303030303030304,1.0
k_core_undirected_9,0.010442,0.010611,K-Core Decomposition,0.05555555555555555,0.030303030303030304,1.0
k_core_undirected_10,0.008032,0.006446,K-Core Decomposition,0.05555555555555555,0.030303030303030304,1.0
k_core_undirected_11,0.034538,0.004958,K-Core Decomposition,0.05555555555555555,0.030303030303030304,1.0
k_core_undirected_12,0.0,0.004562,K-Core Decomposition,0.0,0.030303030303030304,1.0
k_core_undirected_13,0.0,0.004363,K-Core Decomposition,0.0,0.030303030303030304,1.0
k_core_undirected_14,0.0,0.003074,K-Core Decomposition,0.0,0.030303030303030304,1.0
k_core_undirected_15,0.0,0.001488,K-Core Decomposition,0.0,0.030303030303030304,1.0
k_core_undirected_16,0.0,0.005058,K-Core Decomposition,0.0,0.030303030303030304,1.0
k_core_undirected_17,0.0,0.006049,K-Core Decomposition,0.0,0.030303030303030304,1.0
s_core_in_0.0,0.049799,0.002876,S-Core Decomposition,0.00546448087431694,0.0025974025974025974,1.0
s_core_in_1.0,0.363855,0.844506,S-Core Decomposition,0.00546448087431694,0.0025974025974025974,1.0
s_core_in_2.0,0.006426,9.9e-5,S-Core Decomposition,0.00546448087431694,0.0025974025974025974,1.0
s_core_in_3.0,0.009639,0.013388,S-Core Decomposition,0.00546448087431694,0.0025974025974025974,1.0
s_core_in_4.0,0.001606,0.000496,S-Core Decomposition,0.00546448087431694,0.0025974025974025974,1.0
s_core_in_5.0,0.24257,0.019635,S-Core Decomposition,0.00546448087431694,0.0025974025974025974,1.0
s_core_in_6.0,0.00241,0.001686,S-Core Decomposition,0.00546448087431694,0.0025974025974025974,1.0
s_core_in_7.0,0.000803,0.025783,S-Core Decomposition,0.00546448087431694,0.0025974025974025974,1.0
s_core_in_8.0,0.001606,0.000198,S-Core Decomposition,0.00546448087431694,0.0025974025974025974,1.0
s_core_in_9.0,0.094779,0.000298,S-Core Decomposition,0.00546448087431694,0.0025974025974025974,1.0
s_core_in_10.0,0.000803,0.000992,S-Core Decomposition,0.00546448087431694,0.0025974025974025974,1.0
s_core_in_11.0,0.001606,0.000298,S-Core Decomposition,0.00546448087431694,0.0025974025974025974,1.0
s_core_in_12.0,0.000803,0.016263,S-Core Decomposition,0.00546448087431694,0.0025974025974025974,1.0
s_core_in_13.0,0.003213,0.000496,S-Core Decomposition,0.00546448087431694,0.0025974025974025974,1.0
s_core_in_14.0,0.056225,0.0119,S-Core Decomposition,0.00546448087431694,0.0025974025974025974,1.0
s_core_in_15.0,0.029719,0.003074,S-Core Decomposition,0.00546448087431694,0.0025974025974025974,1.0
s_core_in_16.0,0.000803,9.9e-5,S-Core Decomposition,0.00546448087431694,0.0025974025974025974,1.0
s_core_in_17.0,0.000803,0.011404,S-Core Decomposition,0.00546448087431694,0.0025974025974025974,1.0
s_core_in_18.0,0.00241,0.001091,S-Core Decomposition,0.00546448087431694,0.0025974025974025974,1.0
s_core_in_19.0,0.00241,0.000198,S-Core Decomposition,0.00546448087431694,0.0025974025974025974,1.0
s_core_in_20.0,0.001606,9.9e-5,S-Core Decomposition,0.00546448087431694,0.0025974025974025974,1.0
s_core_in_21.0,0.001606,0.000397,S-Core Decomposition,0.00546448087431694,0.0025974025974025974,1.0
s_core_in_22.0,0.020884,9.9e-5,S-Core Decomposition,0.00546448087431694,0.0025974025974025974,1.0
s_core_in_23.0,0.004819,0.000198,S-Core Decomposition,0.00546448087431694,0.0025974025974025974,1.0
s_core_in_24.0,0.001606,0.001091,S-Core Decomposition,0.00546448087431694,0.0025974025974025974,1.0
s_core_in_25.0,0.015261,9.9e-5,S-Core Decomposition,0.00546448087431694,0.0025974025974025974,1.0
s_core_in_26.0,0.000803,9.9e-5,S-Core Decomposition,0.00546448087431694,0.0025974025974025974,1.0
s_core_in_27.0,0.018474,0.010512,S-Core Decomposition,0.00546448087431694,0.0025974025974025974,1.0
s_core_in_28.0,0.007229,9.9e-5,S-Core Decomposition,0.00546448087431694,0.0025974025974025974,1.0
s_core_in_29.0,0.009639,0.002578,S-Core Decomposition,0.00546448087431694,0.0025974025974025974,1.0
s_core_in_30.0,0.000803,9.9e-5,S-Core Decomposition,0.00546448087431694,0.0025974025974025974,1.0
s_core_in_31.0,0.010442,0.001587,S-Core Decomposition,0.00546448087431694,0.0025974025974025974,1.0
s_core_in_32.0,0.000803,9.9e-5,S-Core Decomposition,0.00546448087431694,0.0025974025974025974,1.0
s_core_in_33.0,0.001606,0.000992,S-Core Decomposition,0.00546448087431694,0.0025974025974025974,1.0
s_core_in_34.0,0.001606,0.006446,S-Core Decomposition,0.00546448087431694,0.0025974025974025974,1.0
s_core_in_35.0,0.004016,9.9e-5,S-Core Decomposition,0.00546448087431694,0.0025974025974025974,1.0
s_core_in_36.0,0.004819,0.000198,S-Core Decomposition,0.00546448087431694,0.0025974025974025974,1.0
s_core_in_37.0,0.00241,9.9e-5,S-Core Decomposition,0.00546448087431694,0.0025974025974025974,1.0
s_core_in_38.0,0.00241,9.9e-5,S-Core Decomposition,0.00546448087431694,0.0025974025974025974,1.0
s_core_in_39.0,0.000803,9.9e-5,S-Core Decomposition,0.00546448087431694,0.0025974025974025974,1.0
s_core_in_40.0,0.000803,0.000298,S-Core Decomposition,0.00546448087431694,0.0025974025974025974,1.0
s_core_in_41.0,0.001606,0.000198,S-Core Decomposition,0.00546448087431694,0.0025974025974025974,1.0
s_core_in_42.0,0.00241,9.9e-5,S-Core Decomposition,0.00546448087431694,0.0025974025974025974,1.0
s_core_in_43.0,0.000803,9.9e-5,S-Core Decomposition,0.00546448087431694,0.0025974025974025974,1.0
s_core_in_44.0,0.000803,9.9e-5,S-Core Decomposition,0.00546448087431694,0.0025974025974025974,1.0
s_core_in_45.0,0.000803,0.000397,S-Core Decomposition,0.00546448087431694,0.0025974025974025974,1.0
s_core_in_46.0,0.001606,9.9e-5,S-Core Decomposition,0.00546448087431694,0.0025974025974025974,1.0
s_core_in_47.0,0.001606,9.9e-5,S-Core Decomposition,0.00546448087431694,0.0025974025974025974,1.0
s_core_in_48.0,0.000803,0.001983,S-Core Decomposition,0.00546448087431694,0.0025974025974025974,1.0
s_core_in_49.0,0.000803,0.000198,S-Core Decomposition,0.00546448087431694,0.0025974025974025974,1.0
s_core_in_50.0,0.000803,0.000893,S-Core Decomposition,0.00546448087431694,0.0025974025974025974,1.0
s_core_in_51.0,0.000803,0.00357,S-Core Decomposition,0.00546448087431694,0.0025974025974025974,1.0
s_core_in_52.0,0.000803,0.000893,S-Core Decomposition,0.00546448087431694,0.0025974025974025974,1.0
s_core_in_53.0,0.000803,9.9e-5,S-Core Decomposition,0.00546448087431694,0.0025974025974025974,1.0
s_core_in_54.0,0.000803,0.000397,S-Core Decomposition,0.00546448087431694,0.0025974025974025974,1.0
s_core_in_55.0,0.0,9.9e-5,S-Core Decomposition,0.0,0.0025974025974025974,1.0
s_core_in_56.0,0.0,0.000595,S-Core Decomposition,0.0,0.0025974025974025974,1.0
s_core_in_57.0,0.0,0.001388,S-Core Decomposition,0.0,0.0025974025974025974,1.0
s_core_in_58.0,0.0,9.9e-5,S-Core Decomposition,0.0,0.0025974025974025974,1.0
s_core_in_59.0,0.0,0.000298,S-Core Decomposition,0.0,0.0025974025974025974,1.0
s_core_in_60.0,0.0,0.000397,S-Core Decomposition,0.0,0.0025974025974025974,1.0
s_core_in_61.0,0.0,0.000496,S-Core Decomposition,0.0,0.0025974025974025974,1.0
s_core_in_62.0,0.0,0.000198,S-Core Decomposition,0.0,0.0025974025974025974,1.0
s_core_in_63.0,0.0,9.9e-5,S-Core Decomposition,0.0,0.0025974025974025974,1.0
s_core_in_64.0,0.0,0.000496,S-Core Decomposition,0.0,0.0025974025974025974,1.0
s_core_in_65.0,0.0,0.000298,S-Core Decomposition,0.0,0.0025974025974025974,1.0
s_core_in_66.0,0.0,0.000198,S-Core Decomposition,0.0,0.0025974025974025974,1.0
s_core_in_67.0,0.0,0.001091,S-Core Decomposition,0.0,0.0025974025974025974,1.0
s_core_in_68.0,0.0,9.9e-5,S-Core Decomposition,0.0,0.0025974025974025974,1.0
s_core_in_69.0,0.0,0.000198,S-Core Decomposition,0.0,0.0025974025974025974,1.0
s_core_in_70.0,0.0,9.9e-5,S-Core Decomposition,0.0,0.0025974025974025974,1.0
s_core_in_71.0,0.0,9.9e-5,S-Core Decomposition,0.0,0.0025974025974025974,1.0
s_core_in_72.0,0.0,9.9e-5,S-Core Decomposition,0.0,0.0025974025974025974,1.0
s_core_in_73.0,0.0,0.000298,S-Core Decomposition,0.0,0.0025974025974025974,1.0
s_core_in_74.0,0.0,9.9e-5,S-Core Decomposition,0.0,0.0025974025974025974,1.0
s_core_in_75.0,0.0,9.9e-5,S-Core Decomposition,0.0,0.0025974025974025974,1.0
s_core_in_76.0,0.0,0.000198,S-Core Decomposition,0.0,0.0025974025974025974,1.0
s_core_in_77.0,0.0,0.000198,S-Core Decomposition,0.0,0.0025974025974025974,1.0
s_core_in_78.0,0.0,9.9e-5,S-Core Decomposition,0.0,0.0025974025974025974,1.0
s_core_in_79.0,0.0,9.9e-5,S-Core Decomposition,0.0,0.0025974025974025974,1.0
s_core_in_80.0,0.0,0.001289,S-Core Decomposition,0.0,0.0025974025974025974,1.0
s_core_in_81.0,0.0,0.000298,S-Core Decomposition,0.0,0.0025974025974025974,1.0
s_core_in_82.0,0.0,9.9e-5,S-Core Decomposition,0.0,0.0025974025974025974,1.0
s_core_in_83.0,0.0,9.9e-5,S-Core Decomposition,0.0,0.0025974025974025974,1.0
s_core_in_84.0,0.0,9.9e-5,S-Core Decomposition,0.0,0.0025974025974025974,1.0
s_core_in_85.0,0.0,9.9e-5,S-Core Decomposition,0.0,0.0025974025974025974,1.0
s_core_in_86.0,0.0,9.9e-5,S-Core Decomposition,0.0,0.0025974025974025974,1.0
s_core_in_87.0,0.0,0.000298,S-Core Decomposition,0.0,0.0025974025974025974,1.0
s_core_in_88.0,0.0,0.000198,S-Core Decomposition,0.0,0.0025974025974025974,1.0
s_core_in_89.0,0.0,0.000198,S-Core Decomposition,0.0,0.0025974025974025974,1.0
s_core_in_90.0,0.0,9.9e-5,S-Core Decomposition,0.0,0.0025974025974025974,1.0
s_core_in_91.0,0.0,9.9e-5,S-Core Decomposition,0.0,0.0025974025974025974,1.0
s_core_in_92.0,0.0,9.9e-5,S-Core Decomposition,0.0,0.0025974025974025974,1.0
s_core_in_93.0,0.0,9.9e-5,S-Core Decomposition,0.0,0.0025974025974025974,1.0
s_core_in_94.0,0.0,9.9e-5,S-Core Decomposition,0.0,0.0025974025974025974,1.0
s_core_out_0.0,0.885141,0.980067,S-Core Decomposition,0.00546448087431694,0.0025974025974025974,1.0
s_core_out_1.0,0.027309,0.000198,S-Core Decomposition,0.00546448087431694,0.0025974025974025974,1.0
s_core_out_2.0,0.004016,9.9e-5,S-Core Decomposition,0.00546448087431694,0.0025974025974025974,1.0
s_core_out_3.0,0.016064,0.000397,S-Core Decomposition,0.00546448087431694,0.0025974025974025974,1.0
s_core_out_4.0,0.000803,9.9e-5,S-Core Decomposition,0.00546448087431694,0.0025974025974025974,1.0
s_core_out_5.0,0.013655,0.000298,S-Core Decomposition,0.00546448087431694,0.0025974025974025974,1.0
s_core_out_6.0,0.000803,9.9e-5,S-Core Decomposition,0.00546448087431694,0.0025974025974025974,1.0
s_core_out_7.0,0.005622,0.000198,S-Core Decomposition,0.00546448087431694,0.0025974025974025974,1.0
s_core_out_8.0,0.001606,9.9e-5,S-Core Decomposition,0.00546448087431694,0.0025974025974025974,1.0
s_core_out_9.0,0.000803,9.9e-5,S-Core Decomposition,0.00546448087431694,0.0025974025974025974,1.0
s_core_out_10.0,0.001606,9.9e-5,S-Core Decomposition,0.00546448087431694,0.0025974025974025974,1.0
s_core_out_11.0,0.000803,9.9e-5,S-Core Decomposition,0.00546448087431694,0.0025974025974025974,1.0
s_core_out_12.0,0.000803,0.000298,S-Core Decomposition,0.00546448087431694,0.0025974025974025974,1.0
s_core_out_13.0,0.004016,9.9e-5,S-Core Decomposition,0.00546448087431694,0.0025974025974025974,1.0
s_core_out_14.0,0.001606,9.9e-5,S-Core Decomposition,0.00546448087431694,0.0025974025974025974,1.0
s_core_out_15.0,0.001606,0.000198,S-Core Decomposition,0.00546448087431694,0.0025974025974025974,1.0
s_core_out_16.0,0.000803,0.000198,S-Core Decomposition,0.00546448087431694,0.0025974025974025974,1.0
s_core_out_17.0,0.001606,9.9e-5,S-Core Decomposition,0.00546448087431694,0.0025974025974025974,1.0
s_core_out_18.0,0.000803,9.9e-5,S-Core Decomposition,0.00546448087431694,0.0025974025974025974,1.0
s_core_out_19.0,0.000803,9.9e-5,S-Core Decomposition,0.00546448087431694,0.0025974025974025974,1.0
s_core_out_20.0,0.000803,9.9e-5,S-Core Decomposition,0.00546448087431694,0.0025974025974025974,1.0
s_core_out_21.0,0.001606,9.9e-5,S-Core Decomposition,0.00546448087431694,0.0025974025974025974,1.0
s_core_out_22.0,0.001606,9.9e-5,S-Core Decomposition,0.00546448087431694,0.0025974025974025974,1.0
s_core_out_23.0,0.000803,9.9e-5,S-Core Decomposition,0.00546448087431694,0.0025974025974025974,1.0
s_core_out_24.0,0.000803,9.9e-5,S-Core Decomposition,0.00546448087431694,0.0025974025974025974,1.0
s_core_out_25.0,0.000803,9.9e-5,S-Core Decomposition,0.00546448087431694,0.0025974025974025974,1.0
s_core_out_26.0,0.001606,9.9e-5,S-Core Decomposition,0.00546448087431694,0.0025974025974025974,1.0
s_core_out_27.0,0.000803,9.9e-5,S-Core Decomposition,0.00546448087431694,0.0025974025974025974,1.0
s_core_out_28.0,0.00241,9.9e-5,S-Core Decomposition,0.00546448087431694,0.0025974025974025974,1.0
s_core_out_29.0,0.001606,9.9e-5,S-Core Decomposition,0.00546448087431694,0.0025974025974025974,1.0
s_core_out_30.0,0.000803,9.9e-5,S-Core Decomposition,0.00546448087431694,0.0025974025974025974,1.0
s_core_out_31.0,0.000803,0.000198,S-Core Decomposition,0.00546448087431694,0.0025974025974025974,1.0
s_core_out_32.0,0.000803,0.000198,S-Core Decomposition,0.00546448087431694,0.0025974025974025974,1.0
s_core_out_33.0,0.000803,9.9e-5,S-Core Decomposition,0.00546448087431694,0.0025974025974025974,1.0
s_core_out_34.0,0.000803,9.9e-5,S-Core Decomposition,0.00546448087431694,0.0025974025974025974,1.0
s_core_out_35.0,0.000803,9.9e-5,S-Core Decomposition,0.00546448087431694,0.0025974025974025974,1.0
s_core_out_36.0,0.000803,9.9e-5,S-Core Decomposition,0.00546448087431694,0.0025974025974025974,1.0
s_core_out_37.0,0.000803,9.9e-5,S-Core Decomposition,0.00546448087431694,0.0025974025974025974,1.0
s_core_out_38.0,0.000803,9.9e-5,S-Core Decomposition,0.00546448087431694,0.0025974025974025974,1.0
s_core_out_39.0,0.000803,9.9e-5,S-Core Decomposition,0.00546448087431694,0.0025974025974025974,1.0
s_core_out_40.0,0.000803,9.9e-5,S-Core Decomposition,0.00546448087431694,0.0025974025974025974,1.0
s_core_out_41.0,0.000803,0.000198,S-Core Decomposition,0.00546448087431694,0.0025974025974025974,1.0
s_core_out_42.0,0.000803,9.9e-5,S-Core Decomposition,0.00546448087431694,0.0025974025974025974,1.0
s_core_out_43.0,0.000803,9.9e-5,S-Core Decomposition,0.00546448087431694,0.0025974025974025974,1.0
s_core_out_44.0,0.000803,0.000198,S-Core Decomposition,0.00546448087431694,0.0025974025974025974,1.0
s_core_out_45.0,0.000803,9.9e-5,S-Core Decomposition,0.00546448087431694,0.0025974025974025974,1.0
s_core_out_46.0,0.000803,9.9e-5,S-Core Decomposition,0.00546448087431694,0.0025974025974025974,1.0
s_core_out_47.0,0.000803,9.9e-5,S-Core Decomposition,0.00546448087431694,0.0025974025974025974,1.0
s_core_out_48.0,0.000803,0.000198,S-Core Decomposition,0.00546448087431694,0.0025974025974025974,1.0
s_core_out_49.0,0.000803,9.9e-5,S-Core Decomposition,0.00546448087431694,0.0025974025974025974,1.0
s_core_out_50.0,0.000803,9.9e-5,S-Core Decomposition,0.00546448087431694,0.0025974025974025974,1.0
s_core_out_51.0,0.0,0.000198,S-Core Decomposition,0.0,0.0025974025974025974,1.0
s_core_out_52.0,0.0,9.9e-5,S-Core Decomposition,0.0,0.0025974025974025974,1.0
s_core_out_53.0,0.0,0.000298,S-Core Decomposition,0.0,0.0025974025974025974,1.0
s_core_out_54.0,0.0,9.9e-5,S-Core Decomposition,0.0,0.0025974025974025974,1.0
s_core_out_55.0,0.0,0.000198,S-Core Decomposition,0.0,0.0025974025974025974,1.0
s_core_out_56.0,0.0,0.000198,S-Core Decomposition,0.0,0.0025974025974025974,1.0
s_core_out_57.0,0.0,0.000198,S-Core Decomposition,0.0,0.0025974025974025974,1.0
s_core_out_58.0,0.0,0.000298,S-Core Decomposition,0.0,0.0025974025974025974,1.0
s_core_out_59.0,0.0,0.000198,S-Core Decomposition,0.0,0.0025974025974025974,1.0
s_core_out_60.0,0.0,0.000198,S-Core Decomposition,0.0,0.0025974025974025974,1.0
s_core_out_61.0,0.0,9.9e-5,S-Core Decomposition,0.0,0.0025974025974025974,1.0
s_core_out_62.0,0.0,9.9e-5,S-Core Decomposition,0.0,0.0025974025974025974,1.0
s_core_out_63.0,0.0,9.9e-5,S-Core Decomposition,0.0,0.0025974025974025974,1.0
s_core_out_64.0,0.0,9.9e-5,S-Core Decomposition,0.0,0.0025974025974025974,1.0
s_core_out_65.0,0.0,0.000298,S-Core Decomposition,0.0,0.0025974025974025974,1.0
s_core_out_66.0,0.0,9.9e-5,S-Core Decomposition,0.0,0.0025974025974025974,1.0
s_core_out_67.0,0.0,9.9e-5,S-Core Decomposition,0.0,0.0025974025974025974,1.0
s_core_out_68.0,0.0,9.9e-5,S-Core Decomposition,0.0,0.0025974025974025974,1.0
s_core_out_69.0,0.0,9.9e-5,S-Core Decomposition,0.0,0.0025974025974025974,1.0
s_core_out_70.0,0.0,9.9e-5,S-Core Decomposition,0.0,0.0025974025974025974,1.0
s_core_out_71.0,0.0,0.000397,S-Core Decomposition,0.0,0.0025974025974025974,1.0
s_core_out_72.0,0.0,0.000198,S-Core Decomposition,0.0,0.0025974025974025974,1.0
s_core_out_73.0,0.0,9.9e-5,S-Core Decomposition,0.0,0.0025974025974025974,1.0
s_core_out_74.0,0.0,0.000198,S-Core Decomposition,0.0,0.0025974025974025974,1.0
s_core_out_75.0,0.0,9.9e-5,S-Core Decomposition,0.0,0.0025974025974025974,1.0
s_core_out_76.0,0.0,9.9e-5,S-Core Decomposition,0.0,0.0025974025974025974,1.0
s_core_out_77.0,0.0,0.000198,S-Core Decomposition,0.0,0.0025974025974025974,1.0
s_core_out_78.0,0.0,0.000198,S-Core Decomposition,0.0,0.0025974025974025974,1.0
s_core_out_79.0,0.0,9.9e-5,S-Core Decomposition,0.0,0.0025974025974025974,1.0
s_core_out_80.0,0.0,0.000298,S-Core Decomposition,0.0,0.0025974025974025974,1.0
s_core_out_81.0,0.0,9.9e-5,S-Core Decomposition,0.0,0.0025974025974025974,1.0
s_core_out_82.0,0.0,0.000198,S-Core Decomposition,0.0,0.0025974025974025974,1.0
s_core_out_83.0,0.0,9.9e-5,S-Core Decomposition,0.0,0.0025974025974025974,1.0
s_core_out_84.0,0.0,0.000397,S-Core Decomposition,0.0,0.0025974025974025974,1.0
s_core_out_85.0,0.0,9.9e-5,S-Core Decomposition,0.0,0.0025974025974025974,1.0
s_core_out_86.0,0.0,9.9e-5,S-Core Decomposition,0.0,0.0025974025974025974,1.0
s_core_out_87.0,0.0,9.9e-5,S-Core Decomposition,0.0,0.0025974025974025974,1.0
s_core_out_88.0,0.0,0.000198,S-Core Decomposition,0.0,0.0025974025974025974,1.0
s_core_out_89.0,0.0,9.9e-5,S-Core Decomposition,0.0,0.0025974025974025974,1.0
s_core_out_90.0,0.0,9.9e-5,S-Core Decomposition,0.0,0.0025974025974025974,1.0
s_core_out_91.0,0.0,9.9e-5,S-Core Decomposition,0.0,0.0025974025974025974,1.0
s_core_out_92.0,0.0,9.9e-5,S-Core Decomposition,0.0,0.0025974025974025974,1.0
s_core_out_93.0,0.0,9.9e-5,S-Core Decomposition,0.0,0.0025974025974025974,1.0
s_core_out_94.0,0.0,9.9e-5,S-Core Decomposition,0.0,0.0025974025974025974,1.0
s_core_out_95.0,0.0,0.000198,S-Core Decomposition,0.0,0.0025974025974025974,1.0
s_core_out_96.0,0.0,9.9e-5,S-Core Decomposition,0.0,0.0025974025974025974,1.0
s_core_out_97.0,0.0,9.9e-5,S-Core Decomposition,0.0,0.0025974025974025974,1.0
s_core_out_98.0,0.0,0.000198,S-Core Decomposition,0.0,0.0025974025974025974,1.0
s_core_out_99.0,0.0,9.9e-5,S-Core Decomposition,0.0,0.0025974025974025974,1.0
s_core_out_100.0,0.0,9.9e-5,S-Core Decomposition,0.0,0.0025974025974025974,1.0
s_core_out_101.0,0.0,9.9e-5,S-Core Decomposition,0.0,0.0025974025974025974,1.0
s_core_out_102.0,0.0,0.000198,S-Core Decomposition,0.0,0.0025974025974025974,1.0
s_core_out_103.0,0.0,9.9e-5,S-Core Decomposition,0.0,0.0025974025974025974,1.0
s_core_out_104.0,0.0,9.9e-5,S-Core Decomposition,0.0,0.0025974025974025974,1.0
s_core_out_105.0,0.0,9.9e-5,S-Core Decomposition,0.0,0.0025974025974025974,1.0
s_core_out_106.0,0.0,0.000198,S-Core Decomposition,0.0,0.0025974025974025974,1.0
s_core_out_107.0,0.0,9.9e-5,S-Core Decomposition,0.0,0.0025974025974025974,1.0
s_core_out_108.0,0.0,9.9e-5,S-Core Decomposition,0.0,0.0025974025974025974,1.0
s_core_out_109.0,0.0,0.000198,S-Core Decomposition,0.0,0.0025974025974025974,1.0
s_core_out_110.0,0.0,9.9e-5,S-Core Decomposition,0.0,0.0025974025974025974,1.0
s_core_out_111.0,0.0,9.9e-5,S-Core Decomposition,0.0,0.0025974025974025974,1.0
s_core_out_112.0,0.0,9.9e-5,S-Core Decomposition,0.0,0.0025974025974025974,1.0
s_core_out_113.0,0.0,0.000298,S-Core Decomposition,0.0,0.0025974025974025974,1.0
s_core_out_114.0,0.0,0.000298,S-Core Decomposition,0.0,0.0025974025974025974,1.0
s_core_out_115.0,0.0,9.9e-5,S-Core Decomposition,0.0,0.0025974025974025974,1.0
s_core_out_116.0,0.0,9.9e-5,S-Core Decomposition,0.0,0.0025974025974025974,1.0
s_core_out_117.0,0.0,9.9e-5,S-Core Decomposition,0.0,0.0025974025974025974,1.0
s_core_out_118.0,0.0,9.9e-5,S-Core Decomposition,0.0,0.0025974025974025974,1.0
s_core_out_119.0,0.0,9.9e-5,S-Core Decomposition,0.0,0.0025974025974025974,1.0
s_core_out_120.0,0.0,0.000198,S-Core Decomposition,0.0,0.0025974025974025974,1.0
s_core_out_121.0,0.0,9.9e-5,S-Core Decomposition,0.0,0.0025974025974025974,1.0
s_core_out_122.0,0.0,9.9e-5,S-Core Decomposition,0.0,0.0025974025974025974,1.0
s_core_out_123.0,0.0,9.9e-5,S-Core Decomposition,0.0,0.0025974025974025974,1.0
s_core_out_124.0,0.0,9.9e-5,S-Core Decomposition,0.0,0.0025974025974025974,1.0
s_core_out_125.0,0.0,9.9e-5,S-Core Decomposition,0.0,0.0025974025974025974,1.0
s_core_out_126.0,0.0,9.9e-5,S-Core Decomposition,0.0,0.0025974025974025974,1.0
s_core_out_127.0,0.0,9.9e-5,S-Core Decomposition,0.0,0.0025974025974025974,1.0
s_core_out_128.0,0.0,9.9e-5,S-Core Decomposition,0.0,0.0025974025974025974,1.0
s_core_out_129.0,0.0,9.9e-5,S-Core Decomposition,0.0,0.0025974025974025974,1.0
s_core_out_130.0,0.0,9.9e-5,S-Core Decomposition,0.0,0.0025974025974025974,1.0
s_core_out_131.0,0.0,9.9e-5,S-Core Decomposition,0.0,0.0025974025974025974,1.0
s_core_out_132.0,0.0,9.9e-5,S-Core Decomposition,0.0,0.0025974025974025974,1.0
s_core_out_133.0,0.0,9.9e-5,S-Core Decomposition,0.0,0.0025974025974025974,1.0
s_core_out_134.0,0.0,9.9e-5,S-Core Decomposition,0.0,0.0025974025974025974,1.0
s_core_out_135.0,0.0,9.9e-5,S-Core Decomposition,0.0,0.0025974025974025974,1.0
s_core_out_136.0,0.0,0.000298,S-Core Decomposition,0.0,0.0025974025974025974,1.0
s_core_out_137.0,0.0,9.9e-5,S-Core Decomposition,0.0,0.0025974025974025974,1.0
s_core_out_138.0,0.0,9.9e-5,S-Core Decomposition,0.0,0.0025974025974025974,1.0
s_core_out_139.0,0.0,9.9e-5,S-Core Decomposition,0.0,0.0025974025974025974,1.0
s_core_out_140.0,0.0,9.9e-5,S-Core Decomposition,0.0,0.0025974025974025974,1.0
s_core_out_141.0,0.0,9.9e-5,S-Core Decomposition,0.0,0.0025974025974025974,1.0
s_core_out_142.0,0.0,9.9e-5,S-Core Decomposition,0.0,0.0025974025974025974,1.0
s_core_out_143.0,0.0,9.9e-5,S-Core Decomposition,0.0,0.0025974025974025974,1.0
s_core_out_144.0,0.0,9.9e-5,S-Core Decomposition,0.0,0.0025974025974025974,1.0
s_core_out_145.0,0.0,9.9e-5,S-Core Decomposition,0.0,0.0025974025974025974,1.0
s_core_out_146.0,0.0,9.9e-5,S-Core Decomposition,0.0,0.0025974025974025974,1.0
s_core_out_147.0,0.0,9.9e-5,S-Core Decomposition,0.0,0.0025974025974025974,1.0
s_core_undirected_1.0,0.367068,0.844209,S-Core Decomposition,0.00546448087431694,0.0025974025974025974,1.0
s_core_undirected_2.0,0.004819,9.9e-5,S-Core Decomposition,0.00546448087431694,0.0025974025974025974,1.0
s_core_undirected_3.0,0.001606,0.012793,S-Core Decomposition,0.00546448087431694,0.0025974025974025974,1.0
s_core_undirected_4.0,0.246586,0.019536,S-Core Decomposition,0.00546448087431694,0.0025974025974025974,1.0
s_core_undirected_5.0,0.010442,0.000198,S-Core Decomposition,0.00546448087431694,0.0025974025974025974,1.0
s_core_undirected_6.0,0.000803,9.9e-5,S-Core Decomposition,0.00546448087431694,0.0025974025974025974,1.0
s_core_undirected_7.0,0.114859,0.000198,S-Core Decomposition,0.00546448087431694,0.0025974025974025974,1.0
s_core_undirected_8.0,0.000803,9.9e-5,S-Core Decomposition,0.00546448087431694,0.0025974025974025974,1.0
s_core_undirected_9.0,0.000803,0.020329,S-Core Decomposition,0.00546448087431694,0.0025974025974025974,1.0
s_core_undirected_10.0,0.00241,0.016958,S-Core Decomposition,0.00546448087431694,0.0025974025974025974,1.0
s_core_undirected_11.0,0.057831,0.013685,S-Core Decomposition,0.00546448087431694,0.0025974025974025974,1.0
s_core_undirected_12.0,0.000803,9.9e-5,S-Core Decomposition,0.00546448087431694,0.0025974025974025974,1.0
s_core_undirected_13.0,0.000803,9.9e-5,S-Core Decomposition,0.00546448087431694,0.0025974025974025974,1.0
s_core_undirected_14.0,0.027309,0.000298,S-Core Decomposition,0.00546448087431694,0.0025974025974025974,1.0
s_core_undirected_15.0,0.028916,9.9e-5,S-Core Decomposition,0.00546448087431694,0.0025974025974025974,1.0
s_core_undirected_16.0,0.000803,0.012396,S-Core Decomposition,0.00546448087431694,0.0025974025974025974,1.0
s_core_undirected_17.0,0.016064,0.010512,S-Core Decomposition,0.00546448087431694,0.0025974025974025974,1.0
s_core_undirected_18.0,0.000803,0.000198,S-Core Decomposition,0.00546448087431694,0.0025974025974025974,1.0
s_core_undirected_19.0,0.000803,0.000496,S-Core Decomposition,0.00546448087431694,0.0025974025974025974,1.0
s_core_undirected_20.0,0.000803,0.009223,S-Core Decomposition,0.00546448087431694,0.0025974025974025974,1.0
s_core_undirected_21.0,0.000803,9.9e-5,S-Core Decomposition,0.00546448087431694,0.0025974025974025974,1.0
s_core_undirected_22.0,0.012048,0.006049,S-Core Decomposition,0.00546448087431694,0.0025974025974025974,1.0
s_core_undirected_23.0,0.000803,9.9e-5,S-Core Decomposition,0.00546448087431694,0.0025974025974025974,1.0
s_core_undirected_24.0,0.000803,0.000496,S-Core Decomposition,0.00546448087431694,0.0025974025974025974,1.0
s_core_undirected_25.0,0.009639,9.9e-5,S-Core Decomposition,0.00546448087431694,0.0025974025974025974,1.0
s_core_undirected_26.0,0.000803,0.004363,S-Core Decomposition,0.00546448087431694,0.0025974025974025974,1.0
s_core_undirected_27.0,0.000803,0.002777,S-Core Decomposition,0.00546448087431694,0.0025974025974025974,1.0
s_core_undirected_28.0,0.008032,0.000198,S-Core Decomposition,0.00546448087431694,0.0025974025974025974,1.0
s_core_undirected_29.0,0.000803,0.000198,S-Core Decomposition,0.00546448087431694,0.0025974025974025974,1.0
s_core_undirected_30.0,0.004819,0.002975,S-Core Decomposition,0.00546448087431694,0.0025974025974025974,1.0
s_core_undirected_31.0,0.005622,9.9e-5,S-Core Decomposition,0.00546448087431694,0.0025974025974025974,1.0
s_core_undirected_32.0,0.008835,9.9e-5,S-Core Decomposition,0.00546448087431694,0.0025974025974025974,1.0
s_core_undirected_33.0,0.000803,9.9e-5,S-Core Decomposition,0.00546448087431694,0.0025974025974025974,1.0
s_core_undirected_34.0,0.000803,0.000793,S-Core Decomposition,0.00546448087431694,0.0025974025974025974,1.0
s_core_undirected_35.0,0.001606,9.9e-5,S-Core Decomposition,0.00546448087431694,0.0025974025974025974,1.0
s_core_undirected_36.0,0.004819,0.000694,S-Core Decomposition,0.00546448087431694,0.0025974025974025974,1.0
s_core_undirected_37.0,0.004016,9.9e-5,S-Core Decomposition,0.00546448087431694,0.0025974025974025974,1.0
s_core_undirected_38.0,0.001606,9.9e-5,S-Core Decomposition,0.00546448087431694,0.0025974025974025974,1.0
s_core_undirected_39.0,0.001606,0.000198,S-Core Decomposition,0.00546448087431694,0.0025974025974025974,1.0
s_core_undirected_40.0,0.00241,9.9e-5,S-Core Decomposition,0.00546448087431694,0.0025974025974025974,1.0
s_core_undirected_41.0,0.000803,9.9e-5,S-Core Decomposition,0.00546448087431694,0.0025974025974025974,1.0
s_core_undirected_42.0,0.003213,0.000793,S-Core Decomposition,0.00546448087431694,0.0025974025974025974,1.0
s_core_undirected_43.0,0.00241,9.9e-5,S-Core Decomposition,0.00546448087431694,0.0025974025974025974,1.0
s_core_undirected_44.0,0.000803,0.000694,S-Core Decomposition,0.00546448087431694,0.0025974025974025974,1.0
s_core_undirected_45.0,0.00241,9.9e-5,S-Core Decomposition,0.00546448087431694,0.0025974025974025974,1.0
s_core_undirected_46.0,0.001606,0.000298,S-Core Decomposition,0.00546448087431694,0.0025974025974025974,1.0
s_core_undirected_47.0,0.001606,9.9e-5,S-Core Decomposition,0.00546448087431694,0.0025974025974025974,1.0
s_core_undirected_48.0,0.001606,0.000793,S-Core Decomposition,0.00546448087431694,0.0025974025974025974,1.0
s_core_undirected_49.0,0.000803,9.9e-5,S-Core Decomposition,0.00546448087431694,0.0025974025974025974,1.0
s_core_undirected_50.0,0.00241,0.000397,S-Core Decomposition,0.00546448087431694,0.0025974025974025974,1.0
s_core_undirected_51.0,0.001606,9.9e-5,S-Core Decomposition,0.00546448087431694,0.0025974025974025974,1.0
s_core_undirected_52.0,0.000803,0.000992,S-Core Decomposition,0.00546448087431694,0.0025974025974025974,1.0
s_core_undirected_53.0,0.000803,9.9e-5,S-Core Decomposition,0.00546448087431694,0.0025974025974025974,1.0
s_core_undirected_54.0,0.000803,9.9e-5,S-Core Decomposition,0.00546448087431694,0.0025974025974025974,1.0
s_core_undirected_55.0,0.000803,9.9e-5,S-Core Decomposition,0.00546448087431694,0.0025974025974025974,1.0
s_core_undirected_56.0,0.000803,9.9e-5,S-Core Decomposition,0.00546448087431694,0.0025974025974025974,1.0
s_core_undirected_57.0,0.000803,9.9e-5,S-Core Decomposition,0.00546448087431694,0.0025974025974025974,1.0
s_core_undirected_58.0,0.000803,9.9e-5,S-Core Decomposition,0.00546448087431694,0.0025974025974025974,1.0
s_core_undirected_59.0,0.000803,0.000198,S-Core Decomposition,0.00546448087431694,0.0025974025974025974,1.0
s_core_undirected_60.0,0.000803,9.9e-5,S-Core Decomposition,0.00546448087431694,0.0025974025974025974,1.0
s_core_undirected_61.0,0.000803,9.9e-5,S-Core Decomposition,0.00546448087431694,0.0025974025974025974,1.0
s_core_undirected_62.0,0.000803,0.000198,S-Core Decomposition,0.00546448087431694,0.0025974025974025974,1.0
s_core_undirected_63.0,0.000803,9.9e-5,S-Core Decomposition,0.00546448087431694,0.0025974025974025974,1.0
s_core_undirected_64.0,0.000803,0.000298,S-Core Decomposition,0.00546448087431694,0.0025974025974025974,1.0
s_core_undirected_65.0,0.001606,0.000298,S-Core Decomposition,0.00546448087431694,0.0025974025974025974,1.0
s_core_undirected_66.0,0.000803,9.9e-5,S-Core Decomposition,0.00546448087431694,0.0025974025974025974,1.0
s_core_undirected_67.0,0.000803,0.000397,S-Core Decomposition,0.00546448087431694,0.0025974025974025974,1.0
s_core_undirected_68.0,0.001606,0.000198,S-Core Decomposition,0.00546448087431694,0.0025974025974025974,1.0
s_core_undirected_69.0,0.000803,9.9e-5,S-Core Decomposition,0.00546448087431694,0.0025974025974025974,1.0
s_core_undirected_70.0,0.000803,0.000198,S-Core Decomposition,0.00546448087431694,0.0025974025974025974,1.0
s_core_undirected_71.0,0.000803,9.9e-5,S-Core Decomposition,0.00546448087431694,0.0025974025974025974,1.0
s_core_undirected_72.0,0.000803,9.9e-5,S-Core Decomposition,0.00546448087431694,0.0025974025974025974,1.0
s_core_undirected_73.0,0.001606,9.9e-5,S-Core Decomposition,0.00546448087431694,0.0025974025974025974,1.0
s_core_undirected_74.0,0.001606,9.9e-5,S-Core Decomposition,0.00546448087431694,0.0025974025974025974,1.0
s_core_undirected_75.0,0.000803,0.000198,S-Core Decomposition,0.00546448087431694,0.0025974025974025974,1.0
s_core_undirected_76.0,0.000803,0.000298,S-Core Decomposition,0.00546448087431694,0.0025974025974025974,1.0
s_core_undirected_77.0,0.000803,9.9e-5,S-Core Decomposition,0.00546448087431694,0.0025974025974025974,1.0
s_core_undirected_78.0,0.0,0.000595,S-Core Decomposition,0.0,0.0025974025974025974,1.0
s_core_undirected_79.0,0.0,9.9e-5,S-Core Decomposition,0.0,0.0025974025974025974,1.0
s_core_undirected_80.0,0.0,0.000198,S-Core Decomposition,0.0,0.0025974025974025974,1.0
s_core_undirected_81.0,0.0,9.9e-5,S-Core Decomposition,0.0,0.0025974025974025974,1.0
s_core_undirected_82.0,0.0,9.9e-5,S-Core Decomposition,0.0,0.0025974025974025974,1.0
s_core_undirected_83.0,0.0,0.000198,S-Core Decomposition,0.0,0.0025974025974025974,1.0
s_core_undirected_84.0,0.0,0.000992,S-Core Decomposition,0.0,0.0025974025974025974,1.0
s_core_undirected_85.0,0.0,9.9e-5,S-Core Decomposition,0.0,0.0025974025974025974,1.0
s_core_undirected_86.0,0.0,0.000298,S-Core Decomposition,0.0,0.0025974025974025974,1.0
s_core_undirected_87.0,0.0,0.000198,S-Core Decomposition,0.0,0.0025974025974025974,1.0
s_core_undirected_88.0,0.0,9.9e-5,S-Core Decomposition,0.0,0.0025974025974025974,1.0
s_core_undirected_89.0,0.0,9.9e-5,S-Core Decomposition,0.0,0.0025974025974025974,1.0
s_core_undirected_90.0,0.0,9.9e-5,S-Core Decomposition,0.0,0.0025974025974025974,1.0
s_core_undirected_91.0,0.0,9.9e-5,S-Core Decomposition,0.0,0.0025974025974025974,1.0
s_core_undirected_92.0,0.0,9.9e-5,S-Core Decomposition,0.0,0.0025974025974025974,1.0
s_core_undirected_93.0,0.0,9.9e-5,S-Core Decomposition,0.0,0.0025974025974025974,1.0
s_core_undirected_94.0,0.0,0.000198,S-Core Decomposition,0.0,0.0025974025974025974,1.0
s_core_undirected_95.0,0.0,9.9e-5,S-Core Decomposition,0.0,0.0025974025974025974,1.0
s_core_undirected_96.0,0.0,9.9e-5,S-Core Decomposition,0.0,0.0025974025974025974,1.0
s_core_undirected_97.0,0.0,9.9e-5,S-Core Decomposition,0.0,0.0025974025974025974,1.0
s_core_undirected_98.0,0.0,9.9e-5,S-Core Decomposition,0.0,0.0025974025974025974,1.0
s_core_undirected_99.0,0.0,0.000198,S-Core Decomposition,0.0,0.0025974025974025974,1.0
s_core_undirected_100.0,0.0,9.9e-5,S-Core Decomposition,0.0,0.0025974025974025974,1.0
s_core_undirected_101.0,0.0,9.9e-5,S-Core Decomposition,0.0,0.0025974025974025974,1.0
s_core_undirected_102.0,0.0,9.9e-5,S-Core Decomposition,0.0,0.0025974025974025974,1.0
s_core_undirected_103.0,0.0,9.9e-5,S-Core Decomposition,0.0,0.0025974025974025974,1.0
s_core_undirected_104.0,0.0,9.9e-5,S-Core Decomposition,0.0,0.0025974025974025974,1.0
s_core_undirected_105.0,0.0,0.000198,S-Core Decomposition,0.0,0.0025974025974025974,1.0
s_core_undirected_106.0,0.0,9.9e-5,S-Core Decomposition,0.0,0.0025974025974025974,1.0
s_core_undirected_107.0,0.0,0.000198,S-Core Decomposition,0.0,0.0025974025974025974,1.0
s_core_undirected_108.0,0.0,0.000198,S-Core Decomposition,0.0,0.0025974025974025974,1.0
s_core_undirected_109.0,0.0,0.000198,S-Core Decomposition,0.0,0.0025974025974025974,1.0
s_core_undirected_110.0,0.0,0.000198,S-Core Decomposition,0.0,0.0025974025974025974,1.0
s_core_undirected_111.0,0.0,9.9e-5,S-Core Decomposition,0.0,0.0025974025974025974,1.0
s_core_undirected_112.0,0.0,9.9e-5,S-Core Decomposition,0.0,0.0025974025974025974,1.0
s_core_undirected_113.0,0.0,9.9e-5,S-Core Decomposition,0.0,0.0025974025974025974,1.0
s_core_undirected_114.0,0.0,9.9e-5,S-Core Decomposition,0.0,0.0025974025974025974,1.0
s_core_undirected_115.0,0.0,9.9e-5,S-Core Decomposition,0.0,0.0025974025974025974,1.0
s_core_undirected_116.0,0.0,0.000198,S-Core Decomposition,0.0,0.0025974025974025974,1.0
s_core_undirected_117.0,0.0,9.9e-5,S-Core Decomposition,0.0,0.0025974025974025974,1.0
s_core_undirected_118.0,0.0,9.9e-5,S-Core Decomposition,0.0,0.0025974025974025974,1.0
s_core_undirected_119.0,0.0,9.9e-5,S-Core Decomposition,0.0,0.0025974025974025974,1.0
s_core_undirected_120.0,0.0,9.9e-5,S-Core Decomposition,0.0,0.0025974025974025974,1.0
s_core_undirected_121.0,0.0,0.000198,S-Core Decomposition,0.0,0.0025974025974025974,1.0
s_core_undirected_122.0,0.0,9.9e-5,S-Core Decomposition,0.0,0.0025974025974025974,1.0
s_core_undirected_123.0,0.0,0.000198,S-Core Decomposition,0.0,0.0025974025974025974,1.0
s_core_undirected_124.0,0.0,0.000198,S-Core Decomposition,0.0,0.0025974025974025974,1.0
s_core_undirected_125.0,0.0,0.000298,S-Core Decomposition,0.0,0.0025974025974025974,1.0
s_core_undirected_126.0,0.0,9.9e-5,S-Core Decomposition,0.0,0.0025974025974025974,1.0
s_core_undirected_127.0,0.0,9.9e-5,S-Core Decomposition,0.0,0.0025974025974025974,1.0
s_core_undirected_128.0,0.0,9.9e-5,S-Core Decomposition,0.0,0.0025974025974025974,1.0
s_core_undirected_129.0,0.0,9.9e-5,S-Core Decomposition,0.0,0.0025974025974025974,1.0
s_core_undirected_130.0,0.0,9.9e-5,S-Core Decomposition,0.0,0.0025974025974025974,1.0
s_core_undirected_131.0,0.0,0.000198,S-Core Decomposition,0.0,0.0025974025974025974,1.0
s_core_undirected_132.0,0.0,0.000198,S-Core Decomposition,0.0,0.0025974025974025974,1.0
s_core_undirected_133.0,0.0,9.9e-5,S-Core Decomposition,0.0,0.0025974025974025974,1.0
s_core_undirected_134.0,0.0,0.000198,S-Core Decomposition,0.0,0.0025974025974025974,1.0
s_core_undirected_135.0,0.0,0.000198,S-Core Decomposition,0.0,0.0025974025974025974,1.0
s_core_undirected_136.0,0.0,9.9e-5,S-Core Decomposition,0.0,0.0025974025974025974,1.0
s_core_undirected_137.0,0.0,0.000198,S-Core Decomposition,0.0,0.0025974025974025974,1.0
s_core_undirected_138.0,0.0,9.9e-5,S-Core Decomposition,0.0,0.0025974025974025974,1.0
s_core_undirected_139.0,0.0,9.9e-5,S-Core Decomposition,0.0,0.0025974025974025974,1.0
s_core_undirected_140.0,0.0,9.9e-5,S-Core Decomposition,0.0,0.0025974025974025974,1.0
s_core_undirected_141.0,0.0,0.000198,S-Core Decomposition,0.0,0.0025974025974025974,1.0
s_core_undirected_142.0,0.0,9.9e-5,S-Core Decomposition,0.0,0.0025974025974025974,1.0
Community_1,0.33494,0.275883,Community Structure,0.023809523809523808,0.1111111111111111,1.0
Community_2,0.166265,0.158866,Community Structure,0.023809523809523808,0.1111111111111111,1.0
Community_3,0.11004,0.155692,Community Structure,0.023809523809523808,0.1111111111111111,1.0
Community_4,0.094779,0.144288,Community Structure,0.023809523809523808,0.1111111111111111,1.0
Community_5,0.059438,0.096688,Community Structure,0.023809523809523808,0.1111111111111111,1.0
Community_6,0.043373,0.081714,Community Structure,0.023809523809523808,0.1111111111111111,1.0
Community_7,0.037751,0.0476,Community Structure,0.023809523809523808,0.1111111111111111,1.0
Community_8,0.033735,0.038873,Community Structure,0.023809523809523808,0.1111111111111111,1.0
Community_9,0.031325,0.000397,Community Structure,0.023809523809523808,0.1111111111111111,1.0
jsd_asinh_out_degree_normalized,0.031478658645176405,-0.031478658645176405,Degree Measures,1.0,1.0,1.0
jsd_asinh_in_degree_normalized,0.13527818679679965,-0.13527818679679965,Degree Measures,1.0,1.0,1.0
jsd_asinh_in_out_ratio,0.05562012834582546,-0.05562012834582546,Degree Measures,1.0,1.0,1.0
jsd_asinh_weighted_in_out_ratio,0.051432961818877763,-0.051432961818877763,Degree Measures,1.0,1.0,1.0
jsd_asinh_in_group_indegree_ratio,0.16344057541399562,-0.16344057541399562,Degree Measures,1.0,1.0,1.0
jsd_asinh_in_group_outdegree_ratio,0.04020219807844264,-0.04020219807844264,Degree Measures,1.0,1.0,1.0
jsd_asinh_in_group_indegree_strength_fraction,0.14085153839906572,-0.14085153839906572,Degree Measures,1.0,1.0,1.0
jsd_asinh_in_group_outdegree_strength_fraction,0.03957603272389811,-0.03957603272389811,Degree Measures,1.0,1.0,1.0
jsd_asinh_in_reach_2_normalized,0.2526638192185636,-0.2526638192185636,Local Reach,1.0,1.0,1.0
jsd_asinh_out_reach_2_normalized,0.0401846273740201,-0.0401846273740201,Local Reach,1.0,1.0,1.0
jsd_asinh_undirected_reach_2_normalized,0.3326779081739717,-0.3326779081739717,Local Reach,1.0,1.0,1.0
jsd_asinh_ego_density,0.1254739749497566,-0.1254739749497566,Local Structure,1.0,1.0,1.0
jsd_asinh_density_clustering_coefficient,0.18778345251565698,-0.18778345251565698,Local Structure,1.0,1.0,1.0
jsd_asinh_cg_cycle,0.01875720195676259,-0.01875720195676259,Local Structure,1.0,1.0,1.0
jsd_asinh_cg_middleman,0.03917610258464543,-0.03917610258464543,Local Structure,1.0,1.0,1.0
jsd_asinh_cg_in,0.1574650757301798,-0.1574650757301798,Local Structure,1.0,1.0,1.0
jsd_asinh_cg_out,0.04725695580667969,-0.04725695580667969,Local Structure,1.0,1.0,1.0
jsd_asinh_cg_total,0.16878732310727546,-0.16878732310727546,Local Structure,1.0,1.0,1.0
jsd_asinh_barrat_local,0.11435471272935745,-0.11435471272935745,Local Structure,1.0,1.0,1.0
jsd_asinh_r_norm_ranked,0.017188980749833768,-0.017188980749833768,Local Structure,1.0,1.0,1.0
jsd_asinh_page_rank,0.415295348760355,-0.415295348760355,Influence,1.0,1.0,1.0
jsd_asinh_salsa_hub,0.10673247811363609,-0.10673247811363609,Influence,1.0,1.0,1.0
jsd_asinh_salsa_authority,0.41442460320052593,-0.41442460320052593,Influence,1.0,1.0,1.0
jsd_asinh_modularity_vitality_hub,0.045854901345699965,-0.045854901345699965,Influence,1.0,1.0,1.0
jsd_asinh_modularity_vitality_bridge,0.03447025062065179,-0.03447025062065179,Influence,1.0,1.0,1.0
k_core_undirected_0,0.001606,0.0,K-Core Decomposition,0.05555555555555555,0.0,1.0
Community_10,0.007229,0.0,Community Structure,0.023809523809523808,0.0,1.0
Community_11,0.005622,0.0,Community Structure,0.023809523809523808,0.0,1.0
Community_12,0.004819,0.0,Community Structure,0.023809523809523808,0.0,1.0
Community_13,0.004819,0.0,Community Structure,0.023809523809523808,0.0,1.0
Community_14,0.004819,0.0,Community Structure,0.023809523809523808,0.0,1.0
Community_15,0.004819,0.0,Community Structure,0.023809523809523808,0.0,1.0
Community_16,0.004016,0.0,Community Structure,0.023809523809523808,0.0,1.0
Community_17,0.003213,0.0,Community Structure,0.023809523809523808,0.0,1.0
Community_18,0.003213,0.0,Community Structure,0.023809523809523808,0.0,1.0
Community_19,0.003213,0.0,Community Structure,0.023809523809523808,0.0,1.0
Community_20,0.003213,0.0,Community Structure,0.023809523809523808,0.0,1.0
Community_21,0.00241,0.0,Community Structure,0.023809523809523808,0.0,1.0
Community_22,0.00241,0.0,Community Structure,0.023809523809523808,0.0,1.0
Community_23,0.00241,0.0,Community Structure,0.023809523809523808,0.0,1.0
Community_24,0.00241,0.0,Community Structure,0.023809523809523808,0.0,1.0
Community_25,0.00241,0.0,Community Structure,0.023809523809523808,0.0,1.0
Community_26,0.00241,0.0,Community Structure,0.023809523809523808,0.0,1.0
Community_27,0.00241,0.0,Community Structure,0.023809523809523808,0.0,1.0
Community_28,0.001606,0.0,Community Structure,0.023809523809523808,0.0,1.0
Community_29,0.001606,0.0,Community Structure,0.023809523809523808,0.0,1.0
Community_30,0.001606,0.0,Community Structure,0.023809523809523808,0.0,1.0
Community_31,0.001606,0.0,Community Structure,0.023809523809523808,0.0,1.0
Community_32,0.001606,0.0,Community Structure,0.023809523809523808,0.0,1.0
Community_33,0.001606,0.0,Community Structure,0.023809523809523808,0.0,1.0
Community_34,0.001606,0.0,Community Structure,0.023809523809523808,0.0,1.0
Community_35,0.001606,0.0,Community Structure,0.023809523809523808,0.0,1.0
Community_36,0.001606,0.0,Community Structure,0.023809523809523808,0.0,1.0
Community_37,0.001606,0.0,Community Structure,0.023809523809523808,0.0,1.0
Community_38,0.001606,0.0,Community Structure,0.023809523809523808,0.0,1.0
Community_39,0.001606,0.0,Community Structure,0.023809523809523808,0.0,1.0
Community_40,0.001606,0.0,Community Structure,0.023809523809523808,0.0,1.0
Community_41,0.000803,0.0,Community Structure,0.023809523809523808,0.0,1.0
Community_42,0.000803,0.0,Community Structure,0.023809523809523808,0.0,1.0
