node,community,in_degree,out_degree,total_degree,in_degree_in_group,out_degree_in_group,total_degree_in_group,in_degree_between,out_degree_between,total_degree_between,weighted_in_degree,weighted_out_degree,weighted_total_degree,weighted_in_degree_in_group,weighted_out_degree_in_group,weighted_total_degree_in_group,weighted_in_degree_between,weighted_out_degree_between,weighted_total_degree_between,in_group_indegree_ratio,in_group_outdegree_ratio,in_group_indegree_strength_fraction,in_group_outdegree_strength_fraction,k_core_in,k_core_out,k_core_undirected,s_core_in,s_core_out,s_core_undirected,in_reach_2,out_reach_2,undirected_reach_2,out_degree_normalized,in_degree_normalized,in_out_ratio,weighted_in_out_ratio,ego_density,density_clustering_coefficient,cg_cycle,cg_middleman,cg_in,cg_out,cg_total,barrat_local,r_norm_ranked,page_rank,salsa_hub,salsa_authority,modularity_vitality_hub,modularity_vitality_bridge,undirected_reach_2_normalized,in_reach_2_normalized,out_reach_2_normalized
7524153963603998917,1,0,254,254,0,150,150,0,104,104,0.0,1379.0,1379.0,0.0,883.0,883.0,0.0,496.0,496.0,0.0,0.5905511811023622,0.0,0.640319071791153,0,0,2,0.0,3.0,12.0,1,255,257,0.32809897692124673,0.0,0.0,0.0,0.00392156862745098,0.0,0.0,0.0,0.0,0.0,0.0,0.0,0.0,0.003846199011396872,0.33333333333333326,0.0,0.19505580840795828,0.0,0.0011758999981698055,0.0021413276231263384,0.5460385438972163
7399440070709979434,2,0,233,233,0,102,102,0,131,131,0.0,428.0,428.0,0.0,244.0,244.0,0.0,184.0,184.0,0.0,0.43776824034334766,0.0,0.5700934579439252,0,0,2,0.0,2.0,11.0,1,234,235,0.10183202474423031,0.0,0.0,0.0,0.004273504273504274,0.0,0.0,0.0,0.0,0.0,0.0,0.0,0.0,0.003846199011396872,0.3333333333333334,0.0,0.20892266491849848,0.0,0.0010752392979373707,0.0021413276231263384,0.5010706638115632
8177346544881664043,3,1,3,3,1,3,3,0,0,0,1.0,3.0,3.0,1.0,3.0,3.0,0.0,0.0,0.0,1.0,1.0,1.0,1.0,0,0,2,1.0,1.0,2.0,1,3,4,0.0004758505829169641,0.0,0.3333333333222222,0.3333333333222222,0.5,0.0,0.0,0.0,0.0,0.0,0.0,0.0,0.0,0.003846199011396872,0.3333333333333332,0.0,0.0029468675255286403,0.0,1.830194549680631e-5,0.0021413276231263384,0.006423982869379015
422174908067001742,3,2,0,2,1,0,1,1,0,1,2.0,0.0,2.0,1.0,0.0,1.0,1.0,0.0,1.0,0.5,0.0,0.5,0.0,0,0,2,2.0,0.0,1.0,3,1,256,0.0,0.0004758505829169641,0.0,0.0,0.5,0.25,0.0,0.0,0.0,0.0,0.0,0.0,0.0,0.005770127639878471,0.0,0.003937007874015753,0.0009122876057130469,0.0,0.0011713245117956038,0.006423982869379015,0.0021413276231263384
1088130128537301131,1,2,0,2,1,0,1,1,0,1,6.0,0.0,6.0,5.0,0.0,5.0,1.0,0.0,1.0,0.5,0.0,0.8333333333333334,0.0,0,0,2,7.0,0.0,5.0,3,1,256,0.0,0.0014275517487508922,0.0,0.0,0.3333333333333333,0.0,0.0,0.0,0.0,0.0,0.0,0.0,0.0,0.003869107728646416,0.0,0.003937007874015749,0.0,0.00010894338054417974,0.0011713245117956038,0.006423982869379015,0.0021413276231263384
725140664409406866,2,2,0,2,1,0,1,1,0,1,3.0,0.0,3.0,1.0,0.0,1.0,2.0,0.0,2.0,0.5,0.0,0.3333333333333333,0.0,0,0,2,4.0,0.0,2.0,3,1,256,0.0,0.0007137758743754461,0.0,0.0,0.3333333333333333,0.0,0.0,0.0,0.0,0.0,0.0,0.0,0.0,0.0038607488787037003,0.0,0.003937007874015749,3.689036911580512e-5,0.0,0.0011713245117956038,0.006423982869379015,0.0021413276231263384
480775452057338485,3,2,0,2,1,0,1,1,0,1,3.0,0.0,3.0,1.0,0.0,1.0,2.0,0.0,2.0,0.5,0.0,0.3333333333333333,0.0,0,0,2,3.0,0.0,2.0,3,1,256,0.0,0.0007137758743754461,0.0,0.0,0.5,0.25,0.0,0.0,0.0,0.0,0.0,0.0,0.0,0.005772913923192709,0.0,0.003937007874015752,0.0008450370066309665,0.0,0.0011713245117956038,0.006423982869379015,0.0021413276231263384
9762339333769678898,2,2,0,2,1,0,1,1,0,1,5.0,0.0,5.0,2.0,0.0,2.0,3.0,0.0,3.0,0.5,0.0,0.4,0.0,0,0,2,6.0,0.0,4.0,3,1,256,0.0,0.0011896264572924102,0.0,0.0,0.3333333333333333,0.0,0.0,0.0,0.0,0.0,0.0,0.0,0.0,0.003872512462696291,0.0,0.00393700787401575,0.00034624063489868684,0.0,0.0011713245117956038,0.006423982869379015,0.0021413276231263384
5231813673079595751,1,2,0,2,1,0,1,1,0,1,7.0,0.0,7.0,6.0,0.0,6.0,1.0,0.0,1.0,0.5,0.0,0.8571428571428571,0.0,0,0,2,8.0,0.0,6.0,3,1,256,0.0,0.0016654770402093743,0.0,0.0,0.3333333333333333,0.0,0.0,0.0,0.0,0.0,0.0,0.0,0.0,0.003871894011960654,0.0,0.003937007874015749,0.0,0.00017711327366248808,0.0011713245117956038,0.006423982869379015,0.0021413276231263384
8472378112518352925,1,2,0,2,1,0,1,1,0,1,10.0,0.0,10.0,9.0,0.0,9.0,1.0,0.0,1.0,0.5,0.0,0.9,0.0,0,0,2,11.0,0.0,9.0,3,1,256,0.0,0.0023792529145848203,0.0,0.0,0.3333333333333333,0.0,0.0,0.0,0.0,0.0,0.0,0.0,0.0,0.0038802528619033693,0.0,0.003937007874015749,0.0,0.0003584704204527278,0.0011713245117956038,0.006423982869379015,0.0021413276231263384
4647250235727854959,1,1,0,1,1,0,1,0,0,0,3.0,0.0,3.0,3.0,0.0,3.0,0.0,0.0,0.0,1.0,0.0,1.0,0.0,0,0,1,4.0,0.0,2.0,2,1,255,0.0,0.0007137758743754461,0.0,0.0,0.5,0.0,0.0,0.0,0.0,0.0,0.0,0.0,0.0,0.0038545578613395867,0.0,0.003937007874015749,0.0,3.158832883343177e-5,0.0011667490254214023,0.004282655246252677,0.0021413276231263384
9801998045589068669,1,2,0,2,1,0,1,1,0,1,9.0,0.0,9.0,7.0,0.0,7.0,2.0,0.0,2.0,0.5,0.0,0.7777777777777778,0.0,0,0,2,10.0,0.0,8.0,3,1,256,0.0,0.0021413276231263384,0.0,0.0,0.3333333333333333,0.0,0.0,0.0,0.0,0.0,0.0,0.0,0.0,0.003883657595953244,0.0,0.003937007874015749,0.0,1.970339903284435e-5,0.0011713245117956038,0.006423982869379015,0.0021413276231263384
7609962296920991996,1,2,0,2,1,0,1,1,0,1,7.0,0.0,7.0,6.0,0.0,6.0,1.0,0.0,1.0,0.5,0.0,0.8571428571428571,0.0,0,0,2,8.0,0.0,6.0,3,1,256,0.0,0.0016654770402093743,0.0,0.0,0.3333333333333333,0.0,0.0,0.0,0.0,0.0,0.0,0.0,0.0,0.003871894011960654,0.0,0.003937007874015749,0.0,0.00017711327366248808,0.0011713245117956038,0.006423982869379015,0.0021413276231263384
9423950957866292850,1,2,0,2,1,0,1,1,0,1,8.0,0.0,8.0,6.0,0.0,6.0,2.0,0.0,2.0,0.5,0.0,0.75,0.0,0,0,2,9.0,0.0,7.0,3,1,256,0.0,0.0019034023316678564,0.0,0.0,0.3333333333333333,0.0,0.0,0.0,0.0,0.0,0.0,0.0,0.0,0.0038808713126390055,0.0,0.003937007874015749,0.0,0.0006035907769878501,0.0011713245117956038,0.006423982869379015,0.0021413276231263384
1789203196728907042,1,2,0,2,1,0,1,1,0,1,7.0,0.0,7.0,6.0,0.0,6.0,1.0,0.0,1.0,0.5,0.0,0.8571428571428571,0.0,0,0,2,8.0,0.0,6.0,3,1,256,0.0,0.0016654770402093743,0.0,0.0,0.3333333333333333,0.0,0.0,0.0,0.0,0.0,0.0,0.0,0.0,0.003871894011960654,0.0,0.003937007874015749,0.0,0.0003318747499596042,0.0011713245117956038,0.006423982869379015,0.0021413276231263384
1567607254947885386,1,2,0,2,1,0,1,1,0,1,7.0,0.0,7.0,6.0,0.0,6.0,1.0,0.0,1.0,0.5,0.0,0.8571428571428571,0.0,0,0,2,8.0,0.0,6.0,3,1,256,0.0,0.0016654770402093743,0.0,0.0,0.3333333333333333,0.0,0.0,0.0,0.0,0.0,0.0,0.0,0.0,0.003871894011960654,0.0,0.003937007874015749,0.0,0.00017711327366248808,0.0011713245117956038,0.006423982869379015,0.0021413276231263384
4940856781375489857,2,2,0,2,1,0,1,1,0,1,6.0,0.0,6.0,2.0,0.0,2.0,4.0,0.0,4.0,0.5,0.0,0.3333333333333333,0.0,0,0,2,7.0,0.0,5.0,3,1,256,0.0,0.0014275517487508922,0.0,0.0,0.3333333333333333,0.0,0.0,0.0,0.0,0.0,0.0,0.0,0.0,0.0038752987460105295,0.0,0.003937007874015749,0.00018557950774050758,0.0,0.0011713245117956038,0.006423982869379015,0.0021413276231263384
6133936004894329430,2,2,0,2,1,0,1,1,0,1,6.0,0.0,6.0,2.0,0.0,2.0,4.0,0.0,4.0,0.5,0.0,0.3333333333333333,0.0,0,0,2,7.0,0.0,5.0,3,1,256,0.0,0.0014275517487508922,0.0,0.0,0.3333333333333333,0.0,0.0,0.0,0.0,0.0,0.0,0.0,0.0,0.0038752987460105295,0.0,0.003937007874015749,0.00018557950774050758,0.0,0.0011713245117956038,0.006423982869379015,0.0021413276231263384
1170154116995816671,1,2,0,2,1,0,1,1,0,1,10.0,0.0,10.0,8.0,0.0,8.0,2.0,0.0,2.0,0.5,0.0,0.8,0.0,0,0,2,11.0,0.0,9.0,3,1,256,0.0,0.0023792529145848203,0.0,0.0,0.3333333333333333,0.0,0.0,0.0,0.0,0.0,0.0,0.0,0.0,0.0038864438792674833,0.0,0.003937007874015749,0.0,8.874819823051494e-5,0.0011713245117956038,0.006423982869379015,0.0021413276231263384
7187324434400477101,1,2,0,2,1,0,1,1,0,1,9.0,0.0,9.0,7.0,0.0,7.0,2.0,0.0,2.0,0.5,0.0,0.7777777777777778,0.0,0,0,2,10.0,0.0,8.0,3,1,256,0.0,0.0021413276231263384,0.0,0.0,0.3333333333333333,0.0,0.0,0.0,0.0,0.0,0.0,0.0,0.0,0.003883657595953244,0.0,0.003937007874015749,0.0,1.970339903284435e-5,0.0011713245117956038,0.006423982869379015,0.0021413276231263384
6689643043239407053,1,2,0,2,1,0,1,1,0,1,4.0,0.0,4.0,3.0,0.0,3.0,1.0,0.0,1.0,0.5,0.0,0.75,0.0,0,0,2,5.0,0.0,3.0,3,1,256,0.0,0.0009517011658339282,0.0,0.0,0.3333333333333333,0.0,0.0,0.0,0.0,0.0,0.0,0.0,0.0,0.003863535162017939,0.0,0.003937007874015749,2.6478047126188287e-5,0.0,0.0011713245117956038,0.006423982869379015,0.0021413276231263384
9413712446255960842,1,2,0,2,1,0,1,1,0,1,8.0,0.0,8.0,6.0,0.0,6.0,2.0,0.0,2.0,0.5,0.0,0.75,0.0,0,0,2,9.0,0.0,7.0,3,1,256,0.0,0.0019034023316678564,0.0,0.0,0.3333333333333333,0.0,0.0,0.0,0.0,0.0,0.0,0.0,0.0,0.0038808713126390055,0.0,0.003937007874015749,4.903221805652169e-5,0.0,0.0011713245117956038,0.006423982869379015,0.0021413276231263384
4901947058230122757,1,2,0,2,1,0,1,1,0,1,10.0,0.0,10.0,9.0,0.0,9.0,1.0,0.0,1.0,0.5,0.0,0.9,0.0,0,0,2,11.0,0.0,9.0,3,1,256,0.0,0.0023792529145848203,0.0,0.0,0.3333333333333333,0.0,0.0,0.0,0.0,0.0,0.0,0.0,0.0,0.0038802528619033693,0.0,0.003937007874015749,0.0,0.0003584704204527278,0.0011713245117956038,0.006423982869379015,0.0021413276231263384
3891881645679995655,1,2,0,2,1,0,1,1,0,1,8.0,0.0,8.0,6.0,0.0,6.0,2.0,0.0,2.0,0.5,0.0,0.75,0.0,0,0,2,9.0,0.0,7.0,3,1,256,0.0,0.0019034023316678564,0.0,0.0,0.3333333333333333,0.0,0.0,0.0,0.0,0.0,0.0,0.0,0.0,0.0038808713126390055,0.0,0.003937007874015749,4.903221805652169e-5,0.0,0.0011713245117956038,0.006423982869379015,0.0021413276231263384
9549684505842288823,1,2,0,2,1,0,1,1,0,1,8.0,0.0,8.0,7.0,0.0,7.0,1.0,0.0,1.0,0.5,0.0,0.875,0.0,0,0,2,9.0,0.0,7.0,3,1,256,0.0,0.0019034023316678564,0.0,0.0,0.3333333333333333,0.0,0.0,0.0,0.0,0.0,0.0,0.0,0.0,0.003874680295274892,0.0,0.003937007874015749,0.0,0.0003410572250460153,0.0011713245117956038,0.006423982869379015,0.0021413276231263384
4478661297328661910,1,2,0,2,1,0,1,1,0,1,5.0,0.0,5.0,4.0,0.0,4.0,1.0,0.0,1.0,0.5,0.0,0.8,0.0,0,0,2,6.0,0.0,4.0,3,1,256,0.0,0.0011896264572924102,0.0,0.0,0.3333333333333333,0.0,0.0,0.0,0.0,0.0,0.0,0.0,0.0,0.003866321445332177,0.0,0.003937007874015749,0.0,4.107990438506626e-5,0.0011713245117956038,0.006423982869379015,0.0021413276231263384
4841474579975958066,1,2,0,2,1,0,1,1,0,1,9.0,0.0,9.0,7.0,0.0,7.0,2.0,0.0,2.0,0.5,0.0,0.7777777777777778,0.0,0,0,2,10.0,0.0,8.0,3,1,256,0.0,0.0021413276231263384,0.0,0.0,0.3333333333333333,0.0,0.0,0.0,0.0,0.0,0.0,0.0,0.0,0.003883657595953244,0.0,0.003937007874015749,0.0,1.970339903284435e-5,0.0011713245117956038,0.006423982869379015,0.0021413276231263384
4270490265755475514,1,2,0,2,1,0,1,1,0,1,8.0,0.0,8.0,7.0,0.0,7.0,1.0,0.0,1.0,0.5,0.0,0.875,0.0,0,0,2,9.0,0.0,7.0,3,1,256,0.0,0.0019034023316678564,0.0,0.0,0.3333333333333333,0.0,0.0,0.0,0.0,0.0,0.0,0.0,0.0,0.003874680295274892,0.0,0.003937007874015749,0.0,0.0003410572250460153,0.0011713245117956038,0.006423982869379015,0.0021413276231263384
6064588207401823800,2,2,0,2,1,0,1,1,0,1,7.0,0.0,7.0,2.0,0.0,2.0,5.0,0.0,5.0,0.5,0.0,0.2857142857142857,0.0,0,0,2,8.0,0.0,6.0,3,1,256,0.0,0.0016654770402093743,0.0,0.0,0.3333333333333333,0.0,0.0,0.0,0.0,0.0,0.0,0.0,0.0,0.003878085029324768,0.0,0.003937007874015749,0.00011745955420899845,0.0,0.0011713245117956038,0.006423982869379015,0.0021413276231263384
9431846391295416560,1,2,0,2,1,0,1,1,0,1,7.0,0.0,7.0,6.0,0.0,6.0,1.0,0.0,1.0,0.5,0.0,0.8571428571428571,0.0,0,0,2,8.0,0.0,6.0,3,1,256,0.0,0.0016654770402093743,0.0,0.0,0.3333333333333333,0.0,0.0,0.0,0.0,0.0,0.0,0.0,0.0,0.003871894011960654,0.0,0.003937007874015749,0.0,0.00017711327366248808,0.0011713245117956038,0.006423982869379015,0.0021413276231263384
6577370561272669276,1,2,0,2,1,0,1,1,0,1,7.0,0.0,7.0,6.0,0.0,6.0,1.0,0.0,1.0,0.5,0.0,0.8571428571428571,0.0,0,0,2,8.0,0.0,6.0,3,1,256,0.0,0.0016654770402093743,0.0,0.0,0.3333333333333333,0.0,0.0,0.0,0.0,0.0,0.0,0.0,0.0,0.003871894011960654,0.0,0.003937007874015749,0.0,0.0003318747499596042,0.0011713245117956038,0.006423982869379015,0.0021413276231263384
2356413677015838693,1,2,0,2,1,0,1,1,0,1,7.0,0.0,7.0,6.0,0.0,6.0,1.0,0.0,1.0,0.5,0.0,0.8571428571428571,0.0,0,0,2,8.0,0.0,6.0,3,1,256,0.0,0.0016654770402093743,0.0,0.0,0.3333333333333333,0.0,0.0,0.0,0.0,0.0,0.0,0.0,0.0,0.003871894011960654,0.0,0.003937007874015749,0.0,0.00017711327366248808,0.0011713245117956038,0.006423982869379015,0.0021413276231263384
877199024491968922,1,1,0,1,1,0,1,0,0,0,5.0,0.0,5.0,5.0,0.0,5.0,0.0,0.0,0.0,1.0,0.0,1.0,0.0,0,0,1,6.0,0.0,4.0,2,1,255,0.0,0.0011896264572924102,0.0,0.0,0.5,0.0,0.0,0.0,0.0,0.0,0.0,0.0,0.0,0.0038601304279680627,0.0,0.003937007874015749,0.0,5.1085966339847744e-5,0.0011667490254214023,0.004282655246252677,0.0021413276231263384
3511566897613450019,1,2,0,2,1,0,1,1,0,1,7.0,0.0,7.0,6.0,0.0,6.0,1.0,0.0,1.0,0.5,0.0,0.8571428571428571,0.0,0,0,2,8.0,0.0,6.0,3,1,256,0.0,0.0016654770402093743,0.0,0.0,0.3333333333333333,0.0,0.0,0.0,0.0,0.0,0.0,0.0,0.0,0.003871894011960654,0.0,0.003937007874015749,0.0,0.0003318747499596042,0.0011713245117956038,0.006423982869379015,0.0021413276231263384
5376420050072934932,1,2,0,2,1,0,1,1,0,1,8.0,0.0,8.0,7.0,0.0,7.0,1.0,0.0,1.0,0.5,0.0,0.875,0.0,0,0,2,9.0,0.0,7.0,3,1,256,0.0,0.0019034023316678564,0.0,0.0,0.3333333333333333,0.0,0.0,0.0,0.0,0.0,0.0,0.0,0.0,0.003874680295274892,0.0,0.003937007874015749,0.0,0.0003410572250460153,0.0011713245117956038,0.006423982869379015,0.0021413276231263384
8540556175725613117,1,2,0,2,1,0,1,1,0,1,8.0,0.0,8.0,6.0,0.0,6.0,2.0,0.0,2.0,0.5,0.0,0.75,0.0,0,0,2,9.0,0.0,7.0,3,1,256,0.0,0.0019034023316678564,0.0,0.0,0.3333333333333333,0.0,0.0,0.0,0.0,0.0,0.0,0.0,0.0,0.0038808713126390055,0.0,0.003937007874015749,4.903221805652169e-5,0.0,0.0011713245117956038,0.006423982869379015,0.0021413276231263384
3473111154645954708,1,1,0,1,1,0,1,0,0,0,5.0,0.0,5.0,5.0,0.0,5.0,0.0,0.0,0.0,1.0,0.0,1.0,0.0,0,0,1,6.0,0.0,4.0,2,1,255,0.0,0.0011896264572924102,0.0,0.0,0.5,0.0,0.0,0.0,0.0,0.0,0.0,0.0,0.0,0.0038601304279680627,0.0,0.003937007874015749,0.0,5.1085966339847744e-5,0.0011667490254214023,0.004282655246252677,0.0021413276231263384
1346820926659650560,1,2,0,2,1,0,1,1,0,1,9.0,0.0,9.0,7.0,0.0,7.0,2.0,0.0,2.0,0.5,0.0,0.7777777777777778,0.0,0,0,2,10.0,0.0,8.0,3,1,256,0.0,0.0021413276231263384,0.0,0.0,0.3333333333333333,0.0,0.0,0.0,0.0,0.0,0.0,0.0,0.0,0.003883657595953244,0.0,0.003937007874015749,0.0,1.970339903284435e-5,0.0011713245117956038,0.006423982869379015,0.0021413276231263384
393981260242032288,1,2,0,2,1,0,1,1,0,1,9.0,0.0,9.0,7.0,0.0,7.0,2.0,0.0,2.0,0.5,0.0,0.7777777777777778,0.0,0,0,2,10.0,0.0,8.0,3,1,256,0.0,0.0021413276231263384,0.0,0.0,0.3333333333333333,0.0,0.0,0.0,0.0,0.0,0.0,0.0,0.0,0.003883657595953244,0.0,0.003937007874015749,0.0,1.970339903284435e-5,0.0011713245117956038,0.006423982869379015,0.0021413276231263384
4929126765149750373,1,2,0,2,1,0,1,1,0,1,8.0,0.0,8.0,7.0,0.0,7.0,1.0,0.0,1.0,0.5,0.0,0.875,0.0,0,0,2,9.0,0.0,7.0,3,1,256,0.0,0.0019034023316678564,0.0,0.0,0.3333333333333333,0.0,0.0,0.0,0.0,0.0,0.0,0.0,0.0,0.003874680295274892,0.0,0.003937007874015749,0.0,0.0003410572250460153,0.0011713245117956038,0.006423982869379015,0.0021413276231263384
7514791268465467465,2,2,0,2,1,0,1,1,0,1,7.0,0.0,7.0,2.0,0.0,2.0,5.0,0.0,5.0,0.5,0.0,0.2857142857142857,0.0,0,0,2,8.0,0.0,6.0,3,1,256,0.0,0.0016654770402093743,0.0,0.0,0.3333333333333333,0.0,0.0,0.0,0.0,0.0,0.0,0.0,0.0,0.003878085029324768,0.0,0.003937007874015749,0.00011745955420899845,0.0,0.0011713245117956038,0.006423982869379015,0.0021413276231263384
7757476116280636452,2,2,0,2,1,0,1,1,0,1,7.0,0.0,7.0,3.0,0.0,3.0,4.0,0.0,4.0,0.5,0.0,0.42857142857142855,0.0,0,0,2,8.0,0.0,6.0,3,1,256,0.0,0.0016654770402093743,0.0,0.0,0.3333333333333333,0.0,0.0,0.0,0.0,0.0,0.0,0.0,0.0,0.0038842760466888814,0.0,0.003937007874015749,0.0006578788775220556,0.0,0.0011713245117956038,0.006423982869379015,0.0021413276231263384
753257128543532865,2,2,0,2,1,0,1,1,0,1,9.0,0.0,9.0,3.0,0.0,3.0,6.0,0.0,6.0,0.5,0.0,0.3333333333333333,0.0,0,0,2,10.0,0.0,8.0,3,1,256,0.0,0.0021413276231263384,0.0,0.0,0.3333333333333333,0.0,0.0,0.0,0.0,0.0,0.0,0.0,0.0,0.0038898486133173587,0.0,0.00393700787401575,0.00011829137899316278,0.0,0.0011713245117956038,0.006423982869379015,0.0021413276231263384
6242808612892918903,1,2,0,2,1,0,1,1,0,1,8.0,0.0,8.0,7.0,0.0,7.0,1.0,0.0,1.0,0.5,0.0,0.875,0.0,0,0,2,9.0,0.0,7.0,3,1,256,0.0,0.0019034023316678564,0.0,0.0,0.3333333333333333,0.0,0.0,0.0,0.0,0.0,0.0,0.0,0.0,0.003874680295274892,0.0,0.003937007874015749,0.0,0.0003410572250460153,0.0011713245117956038,0.006423982869379015,0.0021413276231263384
3077353188596988058,1,2,0,2,1,0,1,1,0,1,8.0,0.0,8.0,7.0,0.0,7.0,1.0,0.0,1.0,0.5,0.0,0.875,0.0,0,0,2,9.0,0.0,7.0,3,1,256,0.0,0.0019034023316678564,0.0,0.0,0.3333333333333333,0.0,0.0,0.0,0.0,0.0,0.0,0.0,0.0,0.003874680295274892,0.0,0.003937007874015749,0.0,0.0003410572250460153,0.0011713245117956038,0.006423982869379015,0.0021413276231263384
4551756220168236319,1,2,0,2,1,0,1,1,0,1,10.0,0.0,10.0,8.0,0.0,8.0,2.0,0.0,2.0,0.5,0.0,0.8,0.0,0,0,2,11.0,0.0,9.0,3,1,256,0.0,0.0023792529145848203,0.0,0.0,0.3333333333333333,0.0,0.0,0.0,0.0,0.0,0.0,0.0,0.0,0.0038864438792674833,0.0,0.003937007874015749,0.0,8.874819823051494e-5,0.0011713245117956038,0.006423982869379015,0.0021413276231263384
6504837945176405616,2,2,0,2,1,0,1,1,0,1,11.0,0.0,11.0,3.0,0.0,3.0,8.0,0.0,8.0,0.5,0.0,0.2727272727272727,0.0,0,0,2,12.0,0.0,10.0,3,1,256,0.0,0.0026171782060433026,0.0,0.0,0.3333333333333333,0.0,0.0,0.0,0.0,0.0,0.0,0.0,0.0,0.0038954211799458347,0.0,0.003937007874015749,0.0001372249675552495,0.0,0.0011713245117956038,0.006423982869379015,0.0021413276231263384
8299828704943553680,2,2,0,2,1,0,1,1,0,1,7.0,0.0,7.0,2.0,0.0,2.0,5.0,0.0,5.0,0.5,0.0,0.2857142857142857,0.0,0,0,2,8.0,0.0,6.0,3,1,256,0.0,0.0016654770402093743,0.0,0.0,0.3333333333333333,0.0,0.0,0.0,0.0,0.0,0.0,0.0,0.0,0.003878085029324768,0.0,0.003937007874015749,0.00011745955420899845,0.0,0.0011713245117956038,0.006423982869379015,0.0021413276231263384
2100136665677817978,1,2,0,2,1,0,1,1,0,1,9.0,0.0,9.0,7.0,0.0,7.0,2.0,0.0,2.0,0.5,0.0,0.7777777777777778,0.0,0,0,2,10.0,0.0,8.0,3,1,256,0.0,0.0021413276231263384,0.0,0.0,0.3333333333333333,0.0,0.0,0.0,0.0,0.0,0.0,0.0,0.0,0.003883657595953244,0.0,0.003937007874015749,0.0,0.0006129946207336645,0.0011713245117956038,0.006423982869379015,0.0021413276231263384
2523500833479667565,1,2,0,2,1,0,1,1,0,1,9.0,0.0,9.0,8.0,0.0,8.0,1.0,0.0,1.0,0.5,0.0,0.8888888888888888,0.0,0,0,2,10.0,0.0,8.0,3,1,256,0.0,0.0021413276231263384,0.0,0.0,0.3333333333333333,0.0,0.0,0.0,0.0,0.0,0.0,0.0,0.0,0.0038774665785891306,0.0,0.003937007874015749,0.0,0.0003143758942010799,0.0011713245117956038,0.006423982869379015,0.0021413276231263384
633947305464347019,1,2,0,2,1,0,1,1,0,1,8.0,0.0,8.0,7.0,0.0,7.0,1.0,0.0,1.0,0.5,0.0,0.875,0.0,0,0,2,9.0,0.0,7.0,3,1,256,0.0,0.0019034023316678564,0.0,0.0,0.3333333333333333,0.0,0.0,0.0,0.0,0.0,0.0,0.0,0.0,0.003874680295274892,0.0,0.003937007874015749,0.0,0.0003410572250460153,0.0011713245117956038,0.006423982869379015,0.0021413276231263384
243284146573785364,2,2,0,2,1,0,1,1,0,1,9.0,0.0,9.0,3.0,0.0,3.0,6.0,0.0,6.0,0.5,0.0,0.3333333333333333,0.0,0,0,2,10.0,0.0,8.0,3,1,256,0.0,0.0021413276231263384,0.0,0.0,0.3333333333333333,0.0,0.0,0.0,0.0,0.0,0.0,0.0,0.0,0.0038898486133173587,0.0,0.00393700787401575,0.00011829137899316278,0.0,0.0011713245117956038,0.006423982869379015,0.0021413276231263384
1576976594400529292,1,2,0,2,1,0,1,1,0,1,7.0,0.0,7.0,6.0,0.0,6.0,1.0,0.0,1.0,0.5,0.0,0.8571428571428571,0.0,0,0,2,8.0,0.0,6.0,3,1,256,0.0,0.0016654770402093743,0.0,0.0,0.3333333333333333,0.0,0.0,0.0,0.0,0.0,0.0,0.0,0.0,0.003871894011960654,0.0,0.003937007874015749,0.0,0.0003318747499596042,0.0011713245117956038,0.006423982869379015,0.0021413276231263384
2017252701256612218,1,2,0,2,1,0,1,1,0,1,12.0,0.0,12.0,9.0,0.0,9.0,3.0,0.0,3.0,0.5,0.0,0.75,0.0,0,0,2,13.0,0.0,12.0,3,1,256,0.0,0.0028551034975017845,0.0,0.0,0.3333333333333333,0.0,0.0,0.0,0.0,0.0,0.0,0.0,0.0,0.0038982074632600734,0.0,0.003937007874015749,6.76092917035187e-5,0.0,0.0011713245117956038,0.006423982869379015,0.0021413276231263384
2623552125275834706,1,2,0,2,1,0,1,1,0,1,7.0,0.0,7.0,6.0,0.0,6.0,1.0,0.0,1.0,0.5,0.0,0.8571428571428571,0.0,0,0,2,8.0,0.0,6.0,3,1,256,0.0,0.0016654770402093743,0.0,0.0,0.3333333333333333,0.0,0.0,0.0,0.0,0.0,0.0,0.0,0.0,0.003871894011960654,0.0,0.003937007874015749,0.0,0.0003318747499596042,0.0011713245117956038,0.006423982869379015,0.0021413276231263384
2642234141294539974,1,2,0,2,1,0,1,1,0,1,4.0,0.0,4.0,3.0,0.0,3.0,1.0,0.0,1.0,0.5,0.0,0.75,0.0,0,0,2,5.0,0.0,3.0,3,1,256,0.0,0.0009517011658339282,0.0,0.0,0.3333333333333333,0.0,0.0,0.0,0.0,0.0,0.0,0.0,0.0,0.003863535162017939,0.0,0.003937007874015749,2.6478047126188287e-5,0.0,0.0011713245117956038,0.006423982869379015,0.0021413276231263384
49297138993797080,2,2,0,2,1,0,1,1,0,1,7.0,0.0,7.0,2.0,0.0,2.0,5.0,0.0,5.0,0.5,0.0,0.2857142857142857,0.0,0,0,2,8.0,0.0,6.0,3,1,256,0.0,0.0016654770402093743,0.0,0.0,0.3333333333333333,0.0,0.0,0.0,0.0,0.0,0.0,0.0,0.0,0.003878085029324768,0.0,0.003937007874015749,0.00011745955420899845,0.0,0.0011713245117956038,0.006423982869379015,0.0021413276231263384
6296071889333851718,2,2,0,2,1,0,1,1,0,1,6.0,0.0,6.0,2.0,0.0,2.0,4.0,0.0,4.0,0.5,0.0,0.3333333333333333,0.0,0,0,2,7.0,0.0,5.0,3,1,256,0.0,0.0014275517487508922,0.0,0.0,0.3333333333333333,0.0,0.0,0.0,0.0,0.0,0.0,0.0,0.0,0.0038752987460105295,0.0,0.003937007874015749,0.00018557950774050758,0.0,0.0011713245117956038,0.006423982869379015,0.0021413276231263384
592145755174505675,1,1,0,1,1,0,1,0,0,0,2.0,0.0,2.0,2.0,0.0,2.0,0.0,0.0,0.0,1.0,0.0,1.0,0.0,0,0,1,3.0,0.0,1.0,2,1,255,0.0,0.0004758505829169641,0.0,0.0,0.5,0.0,0.0,0.0,0.0,0.0,0.0,0.0,0.0,0.003851771578025348,0.0,0.003937007874015749,0.0,2.1370080871552233e-5,0.0011667490254214023,0.004282655246252677,0.0021413276231263384
3011490012722423397,1,2,0,2,1,0,1,1,0,1,9.0,0.0,9.0,7.0,0.0,7.0,2.0,0.0,2.0,0.5,0.0,0.7777777777777778,0.0,0,0,2,10.0,0.0,8.0,3,1,256,0.0,0.0021413276231263384,0.0,0.0,0.3333333333333333,0.0,0.0,0.0,0.0,0.0,0.0,0.0,0.0,0.003883657595953244,0.0,0.003937007874015749,0.0,1.970339903284435e-5,0.0011713245117956038,0.006423982869379015,0.0021413276231263384
5405658783913204015,1,2,0,2,1,0,1,1,0,1,9.0,0.0,9.0,7.0,0.0,7.0,2.0,0.0,2.0,0.5,0.0,0.7777777777777778,0.0,0,0,2,10.0,0.0,8.0,3,1,256,0.0,0.0021413276231263384,0.0,0.0,0.3333333333333333,0.0,0.0,0.0,0.0,0.0,0.0,0.0,0.0,0.003883657595953244,0.0,0.003937007874015749,0.0,1.970339903284435e-5,0.0011713245117956038,0.006423982869379015,0.0021413276231263384
4284269489837106347,2,2,0,2,1,0,1,1,0,1,6.0,0.0,6.0,2.0,0.0,2.0,4.0,0.0,4.0,0.5,0.0,0.3333333333333333,0.0,0,0,2,7.0,0.0,5.0,3,1,256,0.0,0.0014275517487508922,0.0,0.0,0.3333333333333333,0.0,0.0,0.0,0.0,0.0,0.0,0.0,0.0,0.0038752987460105295,0.0,0.003937007874015749,0.00018557950774050758,0.0,0.0011713245117956038,0.006423982869379015,0.0021413276231263384
6270655566964474166,1,2,0,2,1,0,1,1,0,1,9.0,0.0,9.0,7.0,0.0,7.0,2.0,0.0,2.0,0.5,0.0,0.7777777777777778,0.0,0,0,2,10.0,0.0,8.0,3,1,256,0.0,0.0021413276231263384,0.0,0.0,0.3333333333333333,0.0,0.0,0.0,0.0,0.0,0.0,0.0,0.0,0.003883657595953244,0.0,0.003937007874015749,0.0,1.970339903284435e-5,0.0011713245117956038,0.006423982869379015,0.0021413276231263384
2252775279253051931,1,2,0,2,1,0,1,1,0,1,5.0,0.0,5.0,4.0,0.0,4.0,1.0,0.0,1.0,0.5,0.0,0.8,0.0,0,0,2,6.0,0.0,4.0,3,1,256,0.0,0.0011896264572924102,0.0,0.0,0.3333333333333333,0.0,0.0,0.0,0.0,0.0,0.0,0.0,0.0,0.003866321445332177,0.0,0.003937007874015749,0.0,4.107990438506626e-5,0.0011713245117956038,0.006423982869379015,0.0021413276231263384
2714680188047279137,1,1,0,1,1,0,1,0,0,0,5.0,0.0,5.0,5.0,0.0,5.0,0.0,0.0,0.0,1.0,0.0,1.0,0.0,0,0,1,6.0,0.0,4.0,2,1,255,0.0,0.0011896264572924102,0.0,0.0,0.5,0.0,0.0,0.0,0.0,0.0,0.0,0.0,0.0,0.0038601304279680627,0.0,0.003937007874015749,0.0,5.1085966339847744e-5,0.0011667490254214023,0.004282655246252677,0.0021413276231263384
7717109713479178890,2,2,0,2,1,0,1,1,0,1,9.0,0.0,9.0,3.0,0.0,3.0,6.0,0.0,6.0,0.5,0.0,0.3333333333333333,0.0,0,0,2,10.0,0.0,8.0,3,1,256,0.0,0.0021413276231263384,0.0,0.0,0.3333333333333333,0.0,0.0,0.0,0.0,0.0,0.0,0.0,0.0,0.0038898486133173587,0.0,0.00393700787401575,0.00011829137899316278,0.0,0.0011713245117956038,0.006423982869379015,0.0021413276231263384
3959086114843505376,2,2,0,2,1,0,1,1,0,1,8.0,0.0,8.0,3.0,0.0,3.0,5.0,0.0,5.0,0.5,0.0,0.375,0.0,0,0,2,9.0,0.0,7.0,3,1,256,0.0,0.0019034023316678564,0.0,0.0,0.3333333333333333,0.0,0.0,0.0,0.0,0.0,0.0,0.0,0.0,0.00388706233000312,0.0,0.003937007874015749,0.0003881855327235728,0.0,0.0011713245117956038,0.006423982869379015,0.0021413276231263384
5667077735145163870,2,2,0,2,1,0,1,1,0,1,6.0,0.0,6.0,2.0,0.0,2.0,4.0,0.0,4.0,0.5,0.0,0.3333333333333333,0.0,0,0,2,7.0,0.0,5.0,3,1,256,0.0,0.0014275517487508922,0.0,0.0,0.3333333333333333,0.0,0.0,0.0,0.0,0.0,0.0,0.0,0.0,0.0038752987460105295,0.0,0.003937007874015749,7.631259164875281e-5,0.0,0.0011713245117956038,0.006423982869379015,0.0021413276231263384
4857568751070577031,2,2,0,2,1,0,1,1,0,1,6.0,0.0,6.0,2.0,0.0,2.0,4.0,0.0,4.0,0.5,0.0,0.3333333333333333,0.0,0,0,2,7.0,0.0,5.0,3,1,256,0.0,0.0014275517487508922,0.0,0.0,0.3333333333333333,0.0,0.0,0.0,0.0,0.0,0.0,0.0,0.0,0.0038752987460105295,0.0,0.003937007874015749,0.00018557950774050758,0.0,0.0011713245117956038,0.006423982869379015,0.0021413276231263384
5066987476778470836,2,2,0,2,1,0,1,1,0,1,5.0,0.0,5.0,2.0,0.0,2.0,3.0,0.0,3.0,0.5,0.0,0.4,0.0,0,0,2,6.0,0.0,4.0,3,1,256,0.0,0.0011896264572924102,0.0,0.0,0.3333333333333333,0.0,0.0,0.0,0.0,0.0,0.0,0.0,0.0,0.003872512462696291,0.0,0.00393700787401575,0.00034624063489868684,0.0,0.0011713245117956038,0.006423982869379015,0.0021413276231263384
6055729569879680999,1,2,0,2,1,0,1,1,0,1,5.0,0.0,5.0,4.0,0.0,4.0,1.0,0.0,1.0,0.5,0.0,0.8,0.0,0,0,2,6.0,0.0,4.0,3,1,256,0.0,0.0011896264572924102,0.0,0.0,0.3333333333333333,0.0,0.0,0.0,0.0,0.0,0.0,0.0,0.0,0.003866321445332177,0.0,0.003937007874015749,0.0,4.107990438506626e-5,0.0011713245117956038,0.006423982869379015,0.0021413276231263384
429906740423698304,1,2,0,2,1,0,1,1,0,1,8.0,0.0,8.0,6.0,0.0,6.0,2.0,0.0,2.0,0.5,0.0,0.75,0.0,0,0,2,9.0,0.0,7.0,3,1,256,0.0,0.0019034023316678564,0.0,0.0,0.3333333333333333,0.0,0.0,0.0,0.0,0.0,0.0,0.0,0.0,0.0038808713126390055,0.0,0.003937007874015749,4.903221805652169e-5,0.0,0.0011713245117956038,0.006423982869379015,0.0021413276231263384
8698684210926911419,1,2,0,2,1,0,1,1,0,1,7.0,0.0,7.0,6.0,0.0,6.0,1.0,0.0,1.0,0.5,0.0,0.8571428571428571,0.0,0,0,2,8.0,0.0,6.0,3,1,256,0.0,0.0016654770402093743,0.0,0.0,0.3333333333333333,0.0,0.0,0.0,0.0,0.0,0.0,0.0,0.0,0.003871894011960654,0.0,0.003937007874015749,0.0,0.0003318747499596042,0.0011713245117956038,0.006423982869379015,0.0021413276231263384
4127537826656741831,2,2,0,2,1,0,1,1,0,1,10.0,0.0,10.0,3.0,0.0,3.0,7.0,0.0,7.0,0.5,0.0,0.3,0.0,0,0,2,11.0,0.0,9.0,3,1,256,0.0,0.0023792529145848203,0.0,0.0,0.3333333333333333,0.0,0.0,0.0,0.0,0.0,0.0,0.0,0.0,0.003892634896631597,0.0,0.00393700787401575,0.00020652957954719886,0.0,0.0011713245117956038,0.006423982869379015,0.0021413276231263384
889400152569075438,1,2,0,2,1,0,1,1,0,1,9.0,0.0,9.0,7.0,0.0,7.0,2.0,0.0,2.0,0.5,0.0,0.7777777777777778,0.0,0,0,2,10.0,0.0,8.0,3,1,256,0.0,0.0021413276231263384,0.0,0.0,0.3333333333333333,0.0,0.0,0.0,0.0,0.0,0.0,0.0,0.0,0.003883657595953244,0.0,0.003937007874015749,0.0,1.970339903284435e-5,0.0011713245117956038,0.006423982869379015,0.0021413276231263384
6297588350150100378,1,2,0,2,1,0,1,1,0,1,8.0,0.0,8.0,6.0,0.0,6.0,2.0,0.0,2.0,0.5,0.0,0.75,0.0,0,0,2,9.0,0.0,7.0,3,1,256,0.0,0.0019034023316678564,0.0,0.0,0.3333333333333333,0.0,0.0,0.0,0.0,0.0,0.0,0.0,0.0,0.0038808713126390055,0.0,0.003937007874015749,4.903221805652169e-5,0.0,0.0011713245117956038,0.006423982869379015,0.0021413276231263384
7310358478573855555,1,2,0,2,1,0,1,1,0,1,10.0,0.0,10.0,8.0,0.0,8.0,2.0,0.0,2.0,0.5,0.0,0.8,0.0,0,0,2,11.0,0.0,9.0,3,1,256,0.0,0.0023792529145848203,0.0,0.0,0.3333333333333333,0.0,0.0,0.0,0.0,0.0,0.0,0.0,0.0,0.0038864438792674833,0.0,0.003937007874015749,0.0,8.874819823051494e-5,0.0011713245117956038,0.006423982869379015,0.0021413276231263384
8469333504546951241,2,2,0,2,1,0,1,1,0,1,7.0,0.0,7.0,2.0,0.0,2.0,5.0,0.0,5.0,0.5,0.0,0.2857142857142857,0.0,0,0,2,8.0,0.0,6.0,3,1,256,0.0,0.0016654770402093743,0.0,0.0,0.3333333333333333,0.0,0.0,0.0,0.0,0.0,0.0,0.0,0.0,0.003878085029324768,0.0,0.003937007874015749,0.00011745955420899845,0.0,0.0011713245117956038,0.006423982869379015,0.0021413276231263384
9781353408270583884,1,2,0,2,1,0,1,1,0,1,8.0,0.0,8.0,6.0,0.0,6.0,2.0,0.0,2.0,0.5,0.0,0.75,0.0,0,0,2,9.0,0.0,7.0,3,1,256,0.0,0.0019034023316678564,0.0,0.0,0.3333333333333333,0.0,0.0,0.0,0.0,0.0,0.0,0.0,0.0,0.0038808713126390055,0.0,0.003937007874015749,4.903221805652169e-5,0.0,0.0011713245117956038,0.006423982869379015,0.0021413276231263384
9604735091270002787,2,2,0,2,1,0,1,1,0,1,7.0,0.0,7.0,2.0,0.0,2.0,5.0,0.0,5.0,0.5,0.0,0.2857142857142857,0.0,0,0,2,8.0,0.0,6.0,3,1,256,0.0,0.0016654770402093743,0.0,0.0,0.3333333333333333,0.0,0.0,0.0,0.0,0.0,0.0,0.0,0.0,0.003878085029324768,0.0,0.003937007874015749,0.00011745955420899845,0.0,0.0011713245117956038,0.006423982869379015,0.0021413276231263384
4917790937866708784,2,2,0,2,1,0,1,1,0,1,8.0,0.0,8.0,3.0,0.0,3.0,5.0,0.0,5.0,0.5,0.0,0.375,0.0,0,0,2,9.0,0.0,7.0,3,1,256,0.0,0.0019034023316678564,0.0,0.0,0.3333333333333333,0.0,0.0,0.0,0.0,0.0,0.0,0.0,0.0,0.00388706233000312,0.0,0.003937007874015749,0.0003881855327235728,0.0,0.0011713245117956038,0.006423982869379015,0.0021413276231263384
5659541208466242797,1,2,0,2,1,0,1,1,0,1,8.0,0.0,8.0,6.0,0.0,6.0,2.0,0.0,2.0,0.5,0.0,0.75,0.0,0,0,2,9.0,0.0,7.0,3,1,256,0.0,0.0019034023316678564,0.0,0.0,0.3333333333333333,0.0,0.0,0.0,0.0,0.0,0.0,0.0,0.0,0.0038808713126390055,0.0,0.003937007874015749,0.0,0.0006035907769878501,0.0011713245117956038,0.006423982869379015,0.0021413276231263384
5902483924769619157,1,2,0,2,1,0,1,1,0,1,6.0,0.0,6.0,5.0,0.0,5.0,1.0,0.0,1.0,0.5,0.0,0.8333333333333334,0.0,0,0,2,7.0,0.0,5.0,3,1,256,0.0,0.0014275517487508922,0.0,0.0,0.3333333333333333,0.0,0.0,0.0,0.0,0.0,0.0,0.0,0.0,0.003869107728646416,0.0,0.003937007874015749,0.0,0.00010894338054417974,0.0011713245117956038,0.006423982869379015,0.0021413276231263384
1285865957868311315,2,2,0,2,1,0,1,1,0,1,6.0,0.0,6.0,2.0,0.0,2.0,4.0,0.0,4.0,0.5,0.0,0.3333333333333333,0.0,0,0,2,7.0,0.0,5.0,3,1,256,0.0,0.0014275517487508922,0.0,0.0,0.3333333333333333,0.0,0.0,0.0,0.0,0.0,0.0,0.0,0.0,0.0038752987460105295,0.0,0.003937007874015749,0.00018557950774050758,0.0,0.0011713245117956038,0.006423982869379015,0.0021413276231263384
5868608737818028348,2,2,0,2,1,0,1,1,0,1,6.0,0.0,6.0,2.0,0.0,2.0,4.0,0.0,4.0,0.5,0.0,0.3333333333333333,0.0,0,0,2,7.0,0.0,5.0,3,1,256,0.0,0.0014275517487508922,0.0,0.0,0.3333333333333333,0.0,0.0,0.0,0.0,0.0,0.0,0.0,0.0,0.0038752987460105295,0.0,0.003937007874015749,7.631259164875281e-5,0.0,0.0011713245117956038,0.006423982869379015,0.0021413276231263384
7905076932040741656,1,2,0,2,1,0,1,1,0,1,10.0,0.0,10.0,8.0,0.0,8.0,2.0,0.0,2.0,0.5,0.0,0.8,0.0,0,0,2,11.0,0.0,9.0,3,1,256,0.0,0.0023792529145848203,0.0,0.0,0.3333333333333333,0.0,0.0,0.0,0.0,0.0,0.0,0.0,0.0,0.0038864438792674833,0.0,0.003937007874015749,0.0,8.874819823051494e-5,0.0011713245117956038,0.006423982869379015,0.0021413276231263384
1038838647038291515,2,2,0,2,1,0,1,1,0,1,5.0,0.0,5.0,2.0,0.0,2.0,3.0,0.0,3.0,0.5,0.0,0.4,0.0,0,0,2,6.0,0.0,4.0,3,1,256,0.0,0.0011896264572924102,0.0,0.0,0.3333333333333333,0.0,0.0,0.0,0.0,0.0,0.0,0.0,0.0,0.003872512462696291,0.0,0.00393700787401575,0.00034624063489868684,0.0,0.0011713245117956038,0.006423982869379015,0.0021413276231263384
2697024164275775464,1,2,0,2,1,0,1,1,0,1,5.0,0.0,5.0,4.0,0.0,4.0,1.0,0.0,1.0,0.5,0.0,0.8,0.0,0,0,2,6.0,0.0,4.0,3,1,256,0.0,0.0011896264572924102,0.0,0.0,0.3333333333333333,0.0,0.0,0.0,0.0,0.0,0.0,0.0,0.0,0.003866321445332177,0.0,0.003937007874015749,0.0,0.0003125633951501783,0.0011713245117956038,0.006423982869379015,0.0021413276231263384
2531762477714799932,1,2,0,2,1,0,1,1,0,1,9.0,0.0,9.0,7.0,0.0,7.0,2.0,0.0,2.0,0.5,0.0,0.7777777777777778,0.0,0,0,2,10.0,0.0,8.0,3,1,256,0.0,0.0021413276231263384,0.0,0.0,0.3333333333333333,0.0,0.0,0.0,0.0,0.0,0.0,0.0,0.0,0.003883657595953244,0.0,0.003937007874015749,0.0,1.970339903284435e-5,0.0011713245117956038,0.006423982869379015,0.0021413276231263384
4110308809924843811,1,2,0,2,1,0,1,1,0,1,7.0,0.0,7.0,6.0,0.0,6.0,1.0,0.0,1.0,0.5,0.0,0.8571428571428571,0.0,0,0,2,8.0,0.0,6.0,3,1,256,0.0,0.0016654770402093743,0.0,0.0,0.3333333333333333,0.0,0.0,0.0,0.0,0.0,0.0,0.0,0.0,0.003871894011960654,0.0,0.003937007874015749,0.0,0.0003318747499596042,0.0011713245117956038,0.006423982869379015,0.0021413276231263384
6488378377742040045,1,2,0,2,1,0,1,1,0,1,10.0,0.0,10.0,8.0,0.0,8.0,2.0,0.0,2.0,0.5,0.0,0.8,0.0,0,0,2,11.0,0.0,9.0,3,1,256,0.0,0.0023792529145848203,0.0,0.0,0.3333333333333333,0.0,0.0,0.0,0.0,0.0,0.0,0.0,0.0,0.0038864438792674833,0.0,0.003937007874015749,0.0,0.0006220815315637895,0.0011713245117956038,0.006423982869379015,0.0021413276231263384
7927162423840389923,1,2,0,2,1,0,1,1,0,1,8.0,0.0,8.0,7.0,0.0,7.0,1.0,0.0,1.0,0.5,0.0,0.875,0.0,0,0,2,9.0,0.0,7.0,3,1,256,0.0,0.0019034023316678564,0.0,0.0,0.3333333333333333,0.0,0.0,0.0,0.0,0.0,0.0,0.0,0.0,0.003874680295274892,0.0,0.003937007874015749,0.0,0.0002455904788852825,0.0011713245117956038,0.006423982869379015,0.0021413276231263384
6643023109398916294,1,2,0,2,1,0,1,1,0,1,10.0,0.0,10.0,8.0,0.0,8.0,2.0,0.0,2.0,0.5,0.0,0.8,0.0,0,0,2,11.0,0.0,9.0,3,1,256,0.0,0.0023792529145848203,0.0,0.0,0.3333333333333333,0.0,0.0,0.0,0.0,0.0,0.0,0.0,0.0,0.0038864438792674833,0.0,0.003937007874015749,0.0,8.874819823051494e-5,0.0011713245117956038,0.006423982869379015,0.0021413276231263384
1578904322412453751,1,2,0,2,1,0,1,1,0,1,5.0,0.0,5.0,4.0,0.0,4.0,1.0,0.0,1.0,0.5,0.0,0.8,0.0,0,0,2,6.0,0.0,4.0,3,1,256,0.0,0.0011896264572924102,0.0,0.0,0.3333333333333333,0.0,0.0,0.0,0.0,0.0,0.0,0.0,0.0,0.003866321445332177,0.0,0.003937007874015749,0.0,4.107990438506626e-5,0.0011713245117956038,0.006423982869379015,0.0021413276231263384
9194656083864770532,2,2,0,2,1,0,1,1,0,1,6.0,0.0,6.0,2.0,0.0,2.0,4.0,0.0,4.0,0.5,0.0,0.3333333333333333,0.0,0,0,2,7.0,0.0,5.0,3,1,256,0.0,0.0014275517487508922,0.0,0.0,0.3333333333333333,0.0,0.0,0.0,0.0,0.0,0.0,0.0,0.0,0.0038752987460105295,0.0,0.003937007874015749,7.631259164875281e-5,0.0,0.0011713245117956038,0.006423982869379015,0.0021413276231263384
674044114159046659,1,2,0,2,1,0,1,1,0,1,9.0,0.0,9.0,7.0,0.0,7.0,2.0,0.0,2.0,0.5,0.0,0.7777777777777778,0.0,0,0,2,10.0,0.0,8.0,3,1,256,0.0,0.0021413276231263384,0.0,0.0,0.3333333333333333,0.0,0.0,0.0,0.0,0.0,0.0,0.0,0.0,0.003883657595953244,0.0,0.003937007874015749,0.0,1.970339903284435e-5,0.0011713245117956038,0.006423982869379015,0.0021413276231263384
3033313879820384637,2,2,0,2,1,0,1,1,0,1,10.0,0.0,10.0,3.0,0.0,3.0,7.0,0.0,7.0,0.5,0.0,0.3,0.0,0,0,2,11.0,0.0,9.0,3,1,256,0.0,0.0023792529145848203,0.0,0.0,0.3333333333333333,0.0,0.0,0.0,0.0,0.0,0.0,0.0,0.0,0.003892634896631597,0.0,0.00393700787401575,0.00020652957954719886,0.0,0.0011713245117956038,0.006423982869379015,0.0021413276231263384
4256929874362363882,1,2,0,2,1,0,1,1,0,1,11.0,0.0,11.0,9.0,0.0,9.0,2.0,0.0,2.0,0.5,0.0,0.8181818181818182,0.0,0,0,2,12.0,0.0,10.0,3,1,256,0.0,0.0026171782060433026,0.0,0.0,0.3333333333333333,0.0,0.0,0.0,0.0,0.0,0.0,0.0,0.0,0.003889230162581721,0.0,0.003937007874015749,0.0,0.00015810308357316893,0.0011713245117956038,0.006423982869379015,0.0021413276231263384
755389339145035373,2,2,0,2,1,0,1,1,0,1,9.0,0.0,9.0,3.0,0.0,3.0,6.0,0.0,6.0,0.5,0.0,0.3333333333333333,0.0,0,0,2,10.0,0.0,8.0,3,1,256,0.0,0.0021413276231263384,0.0,0.0,0.3333333333333333,0.0,0.0,0.0,0.0,0.0,0.0,0.0,0.0,0.0038898486133173587,0.0,0.00393700787401575,0.00011829137899316278,0.0,0.0011713245117956038,0.006423982869379015,0.0021413276231263384
5711395077557555291,1,2,0,2,1,0,1,1,0,1,8.0,0.0,8.0,6.0,0.0,6.0,2.0,0.0,2.0,0.5,0.0,0.75,0.0,0,0,2,9.0,0.0,7.0,3,1,256,0.0,0.0019034023316678564,0.0,0.0,0.3333333333333333,0.0,0.0,0.0,0.0,0.0,0.0,0.0,0.0,0.0038808713126390055,0.0,0.003937007874015749,4.903221805652169e-5,0.0,0.0011713245117956038,0.006423982869379015,0.0021413276231263384
6186988100878912343,1,1,0,1,1,0,1,0,0,0,6.0,0.0,6.0,6.0,0.0,6.0,0.0,0.0,0.0,1.0,0.0,1.0,0.0,0,0,1,7.0,0.0,5.0,2,1,255,0.0,0.0014275517487508922,0.0,0.0,0.5,0.0,0.0,0.0,0.0,0.0,0.0,0.0,0.0,0.0038629167112823014,0.0,0.003937007874015749,0.0,6.03632359037487e-5,0.0011667490254214023,0.004282655246252677,0.0021413276231263384
956202136096335914,2,2,0,2,1,0,1,1,0,1,6.0,0.0,6.0,2.0,0.0,2.0,4.0,0.0,4.0,0.5,0.0,0.3333333333333333,0.0,0,0,2,7.0,0.0,5.0,3,1,256,0.0,0.0014275517487508922,0.0,0.0,0.3333333333333333,0.0,0.0,0.0,0.0,0.0,0.0,0.0,0.0,0.0038752987460105295,0.0,0.003937007874015749,0.00018557950774050758,0.0,0.0011713245117956038,0.006423982869379015,0.0021413276231263384
9895982640105860468,1,2,0,2,1,0,1,1,0,1,5.0,0.0,5.0,4.0,0.0,4.0,1.0,0.0,1.0,0.5,0.0,0.8,0.0,0,0,2,6.0,0.0,4.0,3,1,256,0.0,0.0011896264572924102,0.0,0.0,0.3333333333333333,0.0,0.0,0.0,0.0,0.0,0.0,0.0,0.0,0.003866321445332177,0.0,0.003937007874015749,0.0,4.107990438506626e-5,0.0011713245117956038,0.006423982869379015,0.0021413276231263384
5809948847795224390,2,2,0,2,1,0,1,1,0,1,7.0,0.0,7.0,2.0,0.0,2.0,5.0,0.0,5.0,0.5,0.0,0.2857142857142857,0.0,0,0,2,8.0,0.0,6.0,3,1,256,0.0,0.0016654770402093743,0.0,0.0,0.3333333333333333,0.0,0.0,0.0,0.0,0.0,0.0,0.0,0.0,0.003878085029324768,0.0,0.003937007874015749,0.00011745955420899845,0.0,0.0011713245117956038,0.006423982869379015,0.0021413276231263384
6484345795641549488,2,2,0,2,1,0,1,1,0,1,5.0,0.0,5.0,3.0,0.0,3.0,2.0,0.0,2.0,0.5,0.0,0.6,0.0,0,0,2,6.0,0.0,4.0,3,1,256,0.0,0.0011896264572924102,0.0,0.0,0.3333333333333333,0.0,0.0,0.0,0.0,0.0,0.0,0.0,0.0,0.0038787034800604045,0.0,0.00393700787401575,0.0011966638207244196,0.0,0.0011713245117956038,0.006423982869379015,0.0021413276231263384
838896096385814889,2,2,0,2,1,0,1,1,0,1,8.0,0.0,8.0,3.0,0.0,3.0,5.0,0.0,5.0,0.5,0.0,0.375,0.0,0,0,2,9.0,0.0,7.0,3,1,256,0.0,0.0019034023316678564,0.0,0.0,0.3333333333333333,0.0,0.0,0.0,0.0,0.0,0.0,0.0,0.0,0.00388706233000312,0.0,0.003937007874015749,0.0003881855327235728,0.0,0.0011713245117956038,0.006423982869379015,0.0021413276231263384
1982739350054563961,2,2,0,2,1,0,1,1,0,1,6.0,0.0,6.0,3.0,0.0,3.0,3.0,0.0,3.0,0.5,0.0,0.5,0.0,0,0,2,7.0,0.0,5.0,3,1,256,0.0,0.0014275517487508922,0.0,0.0,0.3333333333333333,0.0,0.0,0.0,0.0,0.0,0.0,0.0,0.0,0.003881489763374643,0.0,0.003937007874015749,0.0009273715834923757,0.0,0.0011713245117956038,0.006423982869379015,0.0021413276231263384
6924602533243139190,1,2,0,2,1,0,1,1,0,1,8.0,0.0,8.0,6.0,0.0,6.0,2.0,0.0,2.0,0.5,0.0,0.75,0.0,0,0,2,9.0,0.0,7.0,3,1,256,0.0,0.0019034023316678564,0.0,0.0,0.3333333333333333,0.0,0.0,0.0,0.0,0.0,0.0,0.0,0.0,0.0038808713126390055,0.0,0.003937007874015749,4.903221805652169e-5,0.0,0.0011713245117956038,0.006423982869379015,0.0021413276231263384
2906843924966539118,1,1,0,1,1,0,1,0,0,0,4.0,0.0,4.0,4.0,0.0,4.0,0.0,0.0,0.0,1.0,0.0,1.0,0.0,0,0,1,5.0,0.0,3.0,2,1,255,0.0,0.0009517011658339282,0.0,0.0,0.5,0.0,0.0,0.0,0.0,0.0,0.0,0.0,0.0,0.0038573441446538253,0.0,0.003937007874015749,0.0,4.149397672942312e-5,0.0011667490254214023,0.004282655246252677,0.0021413276231263384
3422976187340975171,1,1,0,1,1,0,1,0,0,0,5.0,0.0,5.0,5.0,0.0,5.0,0.0,0.0,0.0,1.0,0.0,1.0,0.0,0,0,1,6.0,0.0,4.0,2,1,255,0.0,0.0011896264572924102,0.0,0.0,0.5,0.0,0.0,0.0,0.0,0.0,0.0,0.0,0.0,0.0038601304279680627,0.0,0.003937007874015749,0.0,5.1085966339847744e-5,0.0011667490254214023,0.004282655246252677,0.0021413276231263384
8523634802771083962,2,2,0,2,1,0,1,1,0,1,6.0,0.0,6.0,3.0,0.0,3.0,3.0,0.0,3.0,0.5,0.0,0.5,0.0,0,0,2,7.0,0.0,5.0,3,1,256,0.0,0.0014275517487508922,0.0,0.0,0.3333333333333333,0.0,0.0,0.0,0.0,0.0,0.0,0.0,0.0,0.003881489763374643,0.0,0.003937007874015749,0.0009273715834923757,0.0,0.0011713245117956038,0.006423982869379015,0.0021413276231263384
5615925881157487443,1,2,0,2,1,0,1,1,0,1,5.0,0.0,5.0,4.0,0.0,4.0,1.0,0.0,1.0,0.5,0.0,0.8,0.0,0,0,2,6.0,0.0,4.0,3,1,256,0.0,0.0011896264572924102,0.0,0.0,0.3333333333333333,0.0,0.0,0.0,0.0,0.0,0.0,0.0,0.0,0.003866321445332177,0.0,0.003937007874015749,0.0,4.107990438506626e-5,0.0011713245117956038,0.006423982869379015,0.0021413276231263384
9347330472605126711,1,2,0,2,1,0,1,1,0,1,10.0,0.0,10.0,8.0,0.0,8.0,2.0,0.0,2.0,0.5,0.0,0.8,0.0,0,0,2,11.0,0.0,9.0,3,1,256,0.0,0.0023792529145848203,0.0,0.0,0.3333333333333333,0.0,0.0,0.0,0.0,0.0,0.0,0.0,0.0,0.0038864438792674833,0.0,0.003937007874015749,0.0,8.874819823051494e-5,0.0011713245117956038,0.006423982869379015,0.0021413276231263384
5081746089170828699,2,2,0,2,1,0,1,1,0,1,8.0,0.0,8.0,3.0,0.0,3.0,5.0,0.0,5.0,0.5,0.0,0.375,0.0,0,0,2,9.0,0.0,7.0,3,1,256,0.0,0.0019034023316678564,0.0,0.0,0.3333333333333333,0.0,0.0,0.0,0.0,0.0,0.0,0.0,0.0,0.00388706233000312,0.0,0.003937007874015749,0.0003881855327235728,0.0,0.0011713245117956038,0.006423982869379015,0.0021413276231263384
3735703946545785737,2,2,0,2,1,0,1,1,0,1,9.0,0.0,9.0,3.0,0.0,3.0,6.0,0.0,6.0,0.5,0.0,0.3333333333333333,0.0,0,0,2,10.0,0.0,8.0,3,1,256,0.0,0.0021413276231263384,0.0,0.0,0.3333333333333333,0.0,0.0,0.0,0.0,0.0,0.0,0.0,0.0,0.0038898486133173587,0.0,0.00393700787401575,0.00027552403492087096,0.0,0.0011713245117956038,0.006423982869379015,0.0021413276231263384
1055693901620305959,2,2,0,2,1,0,1,1,0,1,6.0,0.0,6.0,2.0,0.0,2.0,4.0,0.0,4.0,0.5,0.0,0.3333333333333333,0.0,0,0,2,7.0,0.0,5.0,3,1,256,0.0,0.0014275517487508922,0.0,0.0,0.3333333333333333,0.0,0.0,0.0,0.0,0.0,0.0,0.0,0.0,0.0038752987460105295,0.0,0.003937007874015749,0.00018557950774050758,0.0,0.0011713245117956038,0.006423982869379015,0.0021413276231263384
6071532077495582529,2,2,0,2,1,0,1,1,0,1,10.0,0.0,10.0,3.0,0.0,3.0,7.0,0.0,7.0,0.5,0.0,0.3,0.0,0,0,2,11.0,0.0,9.0,3,1,256,0.0,0.0023792529145848203,0.0,0.0,0.3333333333333333,0.0,0.0,0.0,0.0,0.0,0.0,0.0,0.0,0.003892634896631597,0.0,0.00393700787401575,0.00020652957954719886,0.0,0.0011713245117956038,0.006423982869379015,0.0021413276231263384
5746017635563558570,2,2,0,2,1,0,1,1,0,1,6.0,0.0,6.0,2.0,0.0,2.0,4.0,0.0,4.0,0.5,0.0,0.3333333333333333,0.0,0,0,2,7.0,0.0,5.0,3,1,256,0.0,0.0014275517487508922,0.0,0.0,0.3333333333333333,0.0,0.0,0.0,0.0,0.0,0.0,0.0,0.0,0.0038752987460105295,0.0,0.003937007874015749,0.00018557950774050758,0.0,0.0011713245117956038,0.006423982869379015,0.0021413276231263384
9868668785853035290,1,2,0,2,1,0,1,1,0,1,8.0,0.0,8.0,6.0,0.0,6.0,2.0,0.0,2.0,0.5,0.0,0.75,0.0,0,0,2,9.0,0.0,7.0,3,1,256,0.0,0.0019034023316678564,0.0,0.0,0.3333333333333333,0.0,0.0,0.0,0.0,0.0,0.0,0.0,0.0,0.0038808713126390055,0.0,0.003937007874015749,4.903221805652169e-5,0.0,0.0011713245117956038,0.006423982869379015,0.0021413276231263384
2395227063995923690,2,2,0,2,1,0,1,1,0,1,6.0,0.0,6.0,2.0,0.0,2.0,4.0,0.0,4.0,0.5,0.0,0.3333333333333333,0.0,0,0,2,7.0,0.0,5.0,3,1,256,0.0,0.0014275517487508922,0.0,0.0,0.3333333333333333,0.0,0.0,0.0,0.0,0.0,0.0,0.0,0.0,0.0038752987460105295,0.0,0.003937007874015749,7.631259164875281e-5,0.0,0.0011713245117956038,0.006423982869379015,0.0021413276231263384
4025094677501309004,1,2,0,2,1,0,1,1,0,1,6.0,0.0,6.0,5.0,0.0,5.0,1.0,0.0,1.0,0.5,0.0,0.8333333333333334,0.0,0,0,2,7.0,0.0,5.0,3,1,256,0.0,0.0014275517487508922,0.0,0.0,0.3333333333333333,0.0,0.0,0.0,0.0,0.0,0.0,0.0,0.0,0.003869107728646416,0.0,0.003937007874015749,0.0,0.00032237645117799696,0.0011713245117956038,0.006423982869379015,0.0021413276231263384
8015433703060589521,2,2,0,2,1,0,1,1,0,1,9.0,0.0,9.0,3.0,0.0,3.0,6.0,0.0,6.0,0.5,0.0,0.3333333333333333,0.0,0,0,2,10.0,0.0,8.0,3,1,256,0.0,0.0021413276231263384,0.0,0.0,0.3333333333333333,0.0,0.0,0.0,0.0,0.0,0.0,0.0,0.0,0.0038898486133173587,0.0,0.00393700787401575,0.00011829137899316278,0.0,0.0011713245117956038,0.006423982869379015,0.0021413276231263384
8146341189804457032,1,2,0,2,1,0,1,1,0,1,7.0,0.0,7.0,6.0,0.0,6.0,1.0,0.0,1.0,0.5,0.0,0.8571428571428571,0.0,0,0,2,8.0,0.0,6.0,3,1,256,0.0,0.0016654770402093743,0.0,0.0,0.3333333333333333,0.0,0.0,0.0,0.0,0.0,0.0,0.0,0.0,0.003871894011960654,0.0,0.003937007874015749,0.0,0.00017711327366248808,0.0011713245117956038,0.006423982869379015,0.0021413276231263384
8866842111955005185,1,2,0,2,1,0,1,1,0,1,7.0,0.0,7.0,6.0,0.0,6.0,1.0,0.0,1.0,0.5,0.0,0.8571428571428571,0.0,0,0,2,8.0,0.0,6.0,3,1,256,0.0,0.0016654770402093743,0.0,0.0,0.3333333333333333,0.0,0.0,0.0,0.0,0.0,0.0,0.0,0.0,0.003871894011960654,0.0,0.003937007874015749,0.0,0.0003318747499596042,0.0011713245117956038,0.006423982869379015,0.0021413276231263384
4447511008711031824,2,2,0,2,1,0,1,1,0,1,8.0,0.0,8.0,3.0,0.0,3.0,5.0,0.0,5.0,0.5,0.0,0.375,0.0,0,0,2,9.0,0.0,7.0,3,1,256,0.0,0.0019034023316678564,0.0,0.0,0.3333333333333333,0.0,0.0,0.0,0.0,0.0,0.0,0.0,0.0,0.00388706233000312,0.0,0.003937007874015749,0.0003881855327235728,0.0,0.0011713245117956038,0.006423982869379015,0.0021413276231263384
1800513204660261310,2,2,0,2,1,0,1,1,0,1,10.0,0.0,10.0,3.0,0.0,3.0,7.0,0.0,7.0,0.5,0.0,0.3,0.0,0,0,2,11.0,0.0,9.0,3,1,256,0.0,0.0023792529145848203,0.0,0.0,0.3333333333333333,0.0,0.0,0.0,0.0,0.0,0.0,0.0,0.0,0.003892634896631597,0.0,0.00393700787401575,0.00020652957954719886,0.0,0.0011713245117956038,0.006423982869379015,0.0021413276231263384
1940282122241782391,1,1,0,1,1,0,1,0,0,0,6.0,0.0,6.0,6.0,0.0,6.0,0.0,0.0,0.0,1.0,0.0,1.0,0.0,0,0,1,7.0,0.0,5.0,2,1,255,0.0,0.0014275517487508922,0.0,0.0,0.5,0.0,0.0,0.0,0.0,0.0,0.0,0.0,0.0,0.0038629167112823014,0.0,0.003937007874015749,0.0,6.03632359037487e-5,0.0011667490254214023,0.004282655246252677,0.0021413276231263384
6960288108270174006,2,2,0,2,1,0,1,1,0,1,7.0,0.0,7.0,3.0,0.0,3.0,4.0,0.0,4.0,0.5,0.0,0.42857142857142855,0.0,0,0,2,8.0,0.0,6.0,3,1,256,0.0,0.0016654770402093743,0.0,0.0,0.3333333333333333,0.0,0.0,0.0,0.0,0.0,0.0,0.0,0.0,0.0038842760466888814,0.0,0.003937007874015749,0.0006578788775220556,0.0,0.0011713245117956038,0.006423982869379015,0.0021413276231263384
8581380982725227400,1,1,0,1,1,0,1,0,0,0,3.0,0.0,3.0,3.0,0.0,3.0,0.0,0.0,0.0,1.0,0.0,1.0,0.0,0,0,1,4.0,0.0,2.0,2,1,255,0.0,0.0007137758743754461,0.0,0.0,0.5,0.0,0.0,0.0,0.0,0.0,0.0,0.0,0.0,0.0038545578613395867,0.0,0.003937007874015749,0.0,3.158832883343177e-5,0.0011667490254214023,0.004282655246252677,0.0021413276231263384
954943243313763296,1,1,0,1,1,0,1,0,0,0,5.0,0.0,5.0,5.0,0.0,5.0,0.0,0.0,0.0,1.0,0.0,1.0,0.0,0,0,1,6.0,0.0,4.0,2,1,255,0.0,0.0011896264572924102,0.0,0.0,0.5,0.0,0.0,0.0,0.0,0.0,0.0,0.0,0.0,0.0038601304279680627,0.0,0.003937007874015749,0.0,5.1085966339847744e-5,0.0011667490254214023,0.004282655246252677,0.0021413276231263384
4222535201731039210,2,2,0,2,1,0,1,1,0,1,7.0,0.0,7.0,2.0,0.0,2.0,5.0,0.0,5.0,0.5,0.0,0.2857142857142857,0.0,0,0,2,8.0,0.0,6.0,3,1,256,0.0,0.0016654770402093743,0.0,0.0,0.3333333333333333,0.0,0.0,0.0,0.0,0.0,0.0,0.0,0.0,0.003878085029324768,0.0,0.003937007874015749,0.00011745955420899845,0.0,0.0011713245117956038,0.006423982869379015,0.0021413276231263384
8254175772673242707,1,2,0,2,1,0,1,1,0,1,8.0,0.0,8.0,7.0,0.0,7.0,1.0,0.0,1.0,0.5,0.0,0.875,0.0,0,0,2,9.0,0.0,7.0,3,1,256,0.0,0.0019034023316678564,0.0,0.0,0.3333333333333333,0.0,0.0,0.0,0.0,0.0,0.0,0.0,0.0,0.003874680295274892,0.0,0.003937007874015749,0.0,0.0003410572250460153,0.0011713245117956038,0.006423982869379015,0.0021413276231263384
6224081810669274347,2,2,0,2,1,0,1,1,0,1,9.0,0.0,9.0,3.0,0.0,3.0,6.0,0.0,6.0,0.5,0.0,0.3333333333333333,0.0,0,0,2,10.0,0.0,8.0,3,1,256,0.0,0.0021413276231263384,0.0,0.0,0.3333333333333333,0.0,0.0,0.0,0.0,0.0,0.0,0.0,0.0,0.0038898486133173587,0.0,0.00393700787401575,0.00011829137899316278,0.0,0.0011713245117956038,0.006423982869379015,0.0021413276231263384
9554053639726531956,1,2,0,2,1,0,1,1,0,1,10.0,0.0,10.0,8.0,0.0,8.0,2.0,0.0,2.0,0.5,0.0,0.8,0.0,0,0,2,11.0,0.0,9.0,3,1,256,0.0,0.0023792529145848203,0.0,0.0,0.3333333333333333,0.0,0.0,0.0,0.0,0.0,0.0,0.0,0.0,0.0038864438792674833,0.0,0.003937007874015749,0.0,8.874819823051494e-5,0.0011713245117956038,0.006423982869379015,0.0021413276231263384
9916162822938033309,2,2,0,2,1,0,1,1,0,1,5.0,0.0,5.0,2.0,0.0,2.0,3.0,0.0,3.0,0.5,0.0,0.4,0.0,0,0,2,6.0,0.0,4.0,3,1,256,0.0,0.0011896264572924102,0.0,0.0,0.3333333333333333,0.0,0.0,0.0,0.0,0.0,0.0,0.0,0.0,0.003872512462696291,0.0,0.00393700787401575,0.00034624063489868684,0.0,0.0011713245117956038,0.006423982869379015,0.0021413276231263384
141564092894158266,2,2,0,2,1,0,1,1,0,1,6.0,0.0,6.0,2.0,0.0,2.0,4.0,0.0,4.0,0.5,0.0,0.3333333333333333,0.0,0,0,2,7.0,0.0,5.0,3,1,256,0.0,0.0014275517487508922,0.0,0.0,0.3333333333333333,0.0,0.0,0.0,0.0,0.0,0.0,0.0,0.0,0.0038752987460105295,0.0,0.003937007874015749,7.631259164875281e-5,0.0,0.0011713245117956038,0.006423982869379015,0.0021413276231263384
4871594002520466915,2,2,0,2,1,0,1,1,0,1,7.0,0.0,7.0,2.0,0.0,2.0,5.0,0.0,5.0,0.5,0.0,0.2857142857142857,0.0,0,0,2,8.0,0.0,6.0,3,1,256,0.0,0.0016654770402093743,0.0,0.0,0.3333333333333333,0.0,0.0,0.0,0.0,0.0,0.0,0.0,0.0,0.003878085029324768,0.0,0.003937007874015749,0.00011745955420899845,0.0,0.0011713245117956038,0.006423982869379015,0.0021413276231263384
397953945358007534,2,2,0,2,1,0,1,1,0,1,6.0,0.0,6.0,2.0,0.0,2.0,4.0,0.0,4.0,0.5,0.0,0.3333333333333333,0.0,0,0,2,7.0,0.0,5.0,3,1,256,0.0,0.0014275517487508922,0.0,0.0,0.3333333333333333,0.0,0.0,0.0,0.0,0.0,0.0,0.0,0.0,0.0038752987460105295,0.0,0.003937007874015749,0.00018557950774050758,0.0,0.0011713245117956038,0.006423982869379015,0.0021413276231263384
1434543040500451704,1,2,0,2,1,0,1,1,0,1,5.0,0.0,5.0,4.0,0.0,4.0,1.0,0.0,1.0,0.5,0.0,0.8,0.0,0,0,2,6.0,0.0,4.0,3,1,256,0.0,0.0011896264572924102,0.0,0.0,0.3333333333333333,0.0,0.0,0.0,0.0,0.0,0.0,0.0,0.0,0.003866321445332177,0.0,0.003937007874015749,0.0,4.107990438506626e-5,0.0011713245117956038,0.006423982869379015,0.0021413276231263384
2529323494721887526,2,2,0,2,1,0,1,1,0,1,7.0,0.0,7.0,3.0,0.0,3.0,4.0,0.0,4.0,0.5,0.0,0.42857142857142855,0.0,0,0,2,8.0,0.0,6.0,3,1,256,0.0,0.0016654770402093743,0.0,0.0,0.3333333333333333,0.0,0.0,0.0,0.0,0.0,0.0,0.0,0.0,0.0038842760466888814,0.0,0.003937007874015749,0.0006578788775220556,0.0,0.0011713245117956038,0.006423982869379015,0.0021413276231263384
7734647301605528525,2,2,0,2,1,0,1,1,0,1,9.0,0.0,9.0,3.0,0.0,3.0,6.0,0.0,6.0,0.5,0.0,0.3333333333333333,0.0,0,0,2,10.0,0.0,8.0,3,1,256,0.0,0.0021413276231263384,0.0,0.0,0.3333333333333333,0.0,0.0,0.0,0.0,0.0,0.0,0.0,0.0,0.0038898486133173587,0.0,0.00393700787401575,0.00027552403492087096,0.0,0.0011713245117956038,0.006423982869379015,0.0021413276231263384
8818480135742538890,1,2,0,2,1,0,1,1,0,1,7.0,0.0,7.0,6.0,0.0,6.0,1.0,0.0,1.0,0.5,0.0,0.8571428571428571,0.0,0,0,2,8.0,0.0,6.0,3,1,256,0.0,0.0016654770402093743,0.0,0.0,0.3333333333333333,0.0,0.0,0.0,0.0,0.0,0.0,0.0,0.0,0.003871894011960654,0.0,0.003937007874015749,0.0,0.0003318747499596042,0.0011713245117956038,0.006423982869379015,0.0021413276231263384
5973108922362456596,2,2,0,2,1,0,1,1,0,1,8.0,0.0,8.0,3.0,0.0,3.0,5.0,0.0,5.0,0.5,0.0,0.375,0.0,0,0,2,9.0,0.0,7.0,3,1,256,0.0,0.0019034023316678564,0.0,0.0,0.3333333333333333,0.0,0.0,0.0,0.0,0.0,0.0,0.0,0.0,0.00388706233000312,0.0,0.003937007874015749,0.0003881855327235728,0.0,0.0011713245117956038,0.006423982869379015,0.0021413276231263384
2893167354879055200,2,2,0,2,1,0,1,1,0,1,11.0,0.0,11.0,3.0,0.0,3.0,8.0,0.0,8.0,0.5,0.0,0.2727272727272727,0.0,0,0,2,12.0,0.0,10.0,3,1,256,0.0,0.0026171782060433026,0.0,0.0,0.3333333333333333,0.0,0.0,0.0,0.0,0.0,0.0,0.0,0.0,0.0038954211799458347,0.0,0.003937007874015749,0.0001372249675552495,0.0,0.0011713245117956038,0.006423982869379015,0.0021413276231263384
2095287912354251038,2,2,0,2,1,0,1,1,0,1,7.0,0.0,7.0,2.0,0.0,2.0,5.0,0.0,5.0,0.5,0.0,0.2857142857142857,0.0,0,0,2,8.0,0.0,6.0,3,1,256,0.0,0.0016654770402093743,0.0,0.0,0.3333333333333333,0.0,0.0,0.0,0.0,0.0,0.0,0.0,0.0,0.003878085029324768,0.0,0.003937007874015749,0.00011745955420899845,0.0,0.0011713245117956038,0.006423982869379015,0.0021413276231263384
8292131163033764830,2,2,0,2,1,0,1,1,0,1,9.0,0.0,9.0,3.0,0.0,3.0,6.0,0.0,6.0,0.5,0.0,0.3333333333333333,0.0,0,0,2,10.0,0.0,8.0,3,1,256,0.0,0.0021413276231263384,0.0,0.0,0.3333333333333333,0.0,0.0,0.0,0.0,0.0,0.0,0.0,0.0,0.0038898486133173587,0.0,0.00393700787401575,0.00027552403492087096,0.0,0.0011713245117956038,0.006423982869379015,0.0021413276231263384
3250146850518326877,1,2,0,2,1,0,1,1,0,1,7.0,0.0,7.0,6.0,0.0,6.0,1.0,0.0,1.0,0.5,0.0,0.8571428571428571,0.0,0,0,2,8.0,0.0,6.0,3,1,256,0.0,0.0016654770402093743,0.0,0.0,0.3333333333333333,0.0,0.0,0.0,0.0,0.0,0.0,0.0,0.0,0.003871894011960654,0.0,0.003937007874015749,0.0,0.0003318747499596042,0.0011713245117956038,0.006423982869379015,0.0021413276231263384
5852446689195152116,1,2,0,2,1,0,1,1,0,1,8.0,0.0,8.0,7.0,0.0,7.0,1.0,0.0,1.0,0.5,0.0,0.875,0.0,0,0,2,9.0,0.0,7.0,3,1,256,0.0,0.0019034023316678564,0.0,0.0,0.3333333333333333,0.0,0.0,0.0,0.0,0.0,0.0,0.0,0.0,0.003874680295274892,0.0,0.003937007874015749,0.0,0.0003410572250460153,0.0011713245117956038,0.006423982869379015,0.0021413276231263384
4689759728510959277,2,2,0,2,1,0,1,1,0,1,6.0,0.0,6.0,2.0,0.0,2.0,4.0,0.0,4.0,0.5,0.0,0.3333333333333333,0.0,0,0,2,7.0,0.0,5.0,3,1,256,0.0,0.0014275517487508922,0.0,0.0,0.3333333333333333,0.0,0.0,0.0,0.0,0.0,0.0,0.0,0.0,0.0038752987460105295,0.0,0.003937007874015749,0.00018557950774050758,0.0,0.0011713245117956038,0.006423982869379015,0.0021413276231263384
1576543256295333013,1,2,0,2,1,0,1,1,0,1,8.0,0.0,8.0,7.0,0.0,7.0,1.0,0.0,1.0,0.5,0.0,0.875,0.0,0,0,2,9.0,0.0,7.0,3,1,256,0.0,0.0019034023316678564,0.0,0.0,0.3333333333333333,0.0,0.0,0.0,0.0,0.0,0.0,0.0,0.0,0.003874680295274892,0.0,0.003937007874015749,0.0,0.0003410572250460153,0.0011713245117956038,0.006423982869379015,0.0021413276231263384
9436855725976937811,1,2,0,2,1,0,1,1,0,1,5.0,0.0,5.0,4.0,0.0,4.0,1.0,0.0,1.0,0.5,0.0,0.8,0.0,0,0,2,6.0,0.0,4.0,3,1,256,0.0,0.0011896264572924102,0.0,0.0,0.3333333333333333,0.0,0.0,0.0,0.0,0.0,0.0,0.0,0.0,0.003866321445332177,0.0,0.003937007874015749,0.0,0.0003125633951501783,0.0011713245117956038,0.006423982869379015,0.0021413276231263384
4574498102315491386,1,2,0,2,1,0,1,1,0,1,10.0,0.0,10.0,8.0,0.0,8.0,2.0,0.0,2.0,0.5,0.0,0.8,0.0,0,0,2,11.0,0.0,9.0,3,1,256,0.0,0.0023792529145848203,0.0,0.0,0.3333333333333333,0.0,0.0,0.0,0.0,0.0,0.0,0.0,0.0,0.0038864438792674833,0.0,0.003937007874015749,0.0,8.874819823051494e-5,0.0011713245117956038,0.006423982869379015,0.0021413276231263384
9828389526900063859,2,2,0,2,1,0,1,1,0,1,8.0,0.0,8.0,3.0,0.0,3.0,5.0,0.0,5.0,0.5,0.0,0.375,0.0,0,0,2,9.0,0.0,7.0,3,1,256,0.0,0.0019034023316678564,0.0,0.0,0.3333333333333333,0.0,0.0,0.0,0.0,0.0,0.0,0.0,0.0,0.00388706233000312,0.0,0.003937007874015749,0.0003881855327235728,0.0,0.0011713245117956038,0.006423982869379015,0.0021413276231263384
9328127358668771344,1,2,0,2,1,0,1,1,0,1,10.0,0.0,10.0,8.0,0.0,8.0,2.0,0.0,2.0,0.5,0.0,0.8,0.0,0,0,2,11.0,0.0,9.0,3,1,256,0.0,0.0023792529145848203,0.0,0.0,0.3333333333333333,0.0,0.0,0.0,0.0,0.0,0.0,0.0,0.0,0.0038864438792674833,0.0,0.003937007874015749,0.0,8.874819823051494e-5,0.0011713245117956038,0.006423982869379015,0.0021413276231263384
8885004233610795401,2,2,0,2,1,0,1,1,0,1,7.0,0.0,7.0,2.0,0.0,2.0,5.0,0.0,5.0,0.5,0.0,0.2857142857142857,0.0,0,0,2,8.0,0.0,6.0,3,1,256,0.0,0.0016654770402093743,0.0,0.0,0.3333333333333333,0.0,0.0,0.0,0.0,0.0,0.0,0.0,0.0,0.003878085029324768,0.0,0.003937007874015749,0.00011745955420899845,0.0,0.0011713245117956038,0.006423982869379015,0.0021413276231263384
2658548578843836239,2,2,0,2,1,0,1,1,0,1,7.0,0.0,7.0,3.0,0.0,3.0,4.0,0.0,4.0,0.5,0.0,0.42857142857142855,0.0,0,0,2,8.0,0.0,6.0,3,1,256,0.0,0.0016654770402093743,0.0,0.0,0.3333333333333333,0.0,0.0,0.0,0.0,0.0,0.0,0.0,0.0,0.0038842760466888814,0.0,0.003937007874015749,0.0006578788775220556,0.0,0.0011713245117956038,0.006423982869379015,0.0021413276231263384
2087981989364518870,2,2,0,2,1,0,1,1,0,1,10.0,0.0,10.0,3.0,0.0,3.0,7.0,0.0,7.0,0.5,0.0,0.3,0.0,0,0,2,11.0,0.0,9.0,3,1,256,0.0,0.0023792529145848203,0.0,0.0,0.3333333333333333,0.0,0.0,0.0,0.0,0.0,0.0,0.0,0.0,0.003892634896631597,0.0,0.00393700787401575,0.00020652957954719886,0.0,0.0011713245117956038,0.006423982869379015,0.0021413276231263384
4724247318116168967,1,2,0,2,1,0,1,1,0,1,7.0,0.0,7.0,6.0,0.0,6.0,1.0,0.0,1.0,0.5,0.0,0.8571428571428571,0.0,0,0,2,8.0,0.0,6.0,3,1,256,0.0,0.0016654770402093743,0.0,0.0,0.3333333333333333,0.0,0.0,0.0,0.0,0.0,0.0,0.0,0.0,0.003871894011960654,0.0,0.003937007874015749,0.0,0.00017711327366248808,0.0011713245117956038,0.006423982869379015,0.0021413276231263384
2969677232936831962,2,2,0,2,1,0,1,1,0,1,6.0,0.0,6.0,2.0,0.0,2.0,4.0,0.0,4.0,0.5,0.0,0.3333333333333333,0.0,0,0,2,7.0,0.0,5.0,3,1,256,0.0,0.0014275517487508922,0.0,0.0,0.3333333333333333,0.0,0.0,0.0,0.0,0.0,0.0,0.0,0.0,0.0038752987460105295,0.0,0.003937007874015749,0.00018557950774050758,0.0,0.0011713245117956038,0.006423982869379015,0.0021413276231263384
2064934871487925359,1,2,0,2,1,0,1,1,0,1,8.0,0.0,8.0,6.0,0.0,6.0,2.0,0.0,2.0,0.5,0.0,0.75,0.0,0,0,2,9.0,0.0,7.0,3,1,256,0.0,0.0019034023316678564,0.0,0.0,0.3333333333333333,0.0,0.0,0.0,0.0,0.0,0.0,0.0,0.0,0.0038808713126390055,0.0,0.003937007874015749,4.903221805652169e-5,0.0,0.0011713245117956038,0.006423982869379015,0.0021413276231263384
611513499717436384,2,2,0,2,1,0,1,1,0,1,6.0,0.0,6.0,2.0,0.0,2.0,4.0,0.0,4.0,0.5,0.0,0.3333333333333333,0.0,0,0,2,7.0,0.0,5.0,3,1,256,0.0,0.0014275517487508922,0.0,0.0,0.3333333333333333,0.0,0.0,0.0,0.0,0.0,0.0,0.0,0.0,0.0038752987460105295,0.0,0.003937007874015749,7.631259164875281e-5,0.0,0.0011713245117956038,0.006423982869379015,0.0021413276231263384
7285069963938973236,1,2,0,2,1,0,1,1,0,1,7.0,0.0,7.0,6.0,0.0,6.0,1.0,0.0,1.0,0.5,0.0,0.8571428571428571,0.0,0,0,2,8.0,0.0,6.0,3,1,256,0.0,0.0016654770402093743,0.0,0.0,0.3333333333333333,0.0,0.0,0.0,0.0,0.0,0.0,0.0,0.0,0.003871894011960654,0.0,0.003937007874015749,0.0,0.00017711327366248808,0.0011713245117956038,0.006423982869379015,0.0021413276231263384
9364872455914909649,1,2,0,2,1,0,1,1,0,1,9.0,0.0,9.0,7.0,0.0,7.0,2.0,0.0,2.0,0.5,0.0,0.7777777777777778,0.0,0,0,2,10.0,0.0,8.0,3,1,256,0.0,0.0021413276231263384,0.0,0.0,0.3333333333333333,0.0,0.0,0.0,0.0,0.0,0.0,0.0,0.0,0.003883657595953244,0.0,0.003937007874015749,0.0,1.970339903284435e-5,0.0011713245117956038,0.006423982869379015,0.0021413276231263384
4928682412649383721,1,2,0,2,1,0,1,1,0,1,9.0,0.0,9.0,8.0,0.0,8.0,1.0,0.0,1.0,0.5,0.0,0.8888888888888888,0.0,0,0,2,10.0,0.0,8.0,3,1,256,0.0,0.0021413276231263384,0.0,0.0,0.3333333333333333,0.0,0.0,0.0,0.0,0.0,0.0,0.0,0.0,0.0038774665785891306,0.0,0.003937007874015749,0.0,0.0003499228064137161,0.0011713245117956038,0.006423982869379015,0.0021413276231263384
5714228661496668117,2,2,0,2,1,0,1,1,0,1,9.0,0.0,9.0,3.0,0.0,3.0,6.0,0.0,6.0,0.5,0.0,0.3333333333333333,0.0,0,0,2,10.0,0.0,8.0,3,1,256,0.0,0.0021413276231263384,0.0,0.0,0.3333333333333333,0.0,0.0,0.0,0.0,0.0,0.0,0.0,0.0,0.0038898486133173587,0.0,0.00393700787401575,0.00027552403492087096,0.0,0.0011713245117956038,0.006423982869379015,0.0021413276231263384
3561775368354968838,2,2,0,2,1,0,1,1,0,1,6.0,0.0,6.0,2.0,0.0,2.0,4.0,0.0,4.0,0.5,0.0,0.3333333333333333,0.0,0,0,2,7.0,0.0,5.0,3,1,256,0.0,0.0014275517487508922,0.0,0.0,0.3333333333333333,0.0,0.0,0.0,0.0,0.0,0.0,0.0,0.0,0.0038752987460105295,0.0,0.003937007874015749,7.631259164875281e-5,0.0,0.0011713245117956038,0.006423982869379015,0.0021413276231263384
2389114974892924696,1,2,0,2,1,0,1,1,0,1,4.0,0.0,4.0,3.0,0.0,3.0,1.0,0.0,1.0,0.5,0.0,0.75,0.0,0,0,2,5.0,0.0,3.0,3,1,256,0.0,0.0009517011658339282,0.0,0.0,0.3333333333333333,0.0,0.0,0.0,0.0,0.0,0.0,0.0,0.0,0.003863535162017939,0.0,0.003937007874015749,2.6478047126188287e-5,0.0,0.0011713245117956038,0.006423982869379015,0.0021413276231263384
6316563057376135200,2,2,0,2,1,0,1,1,0,1,10.0,0.0,10.0,3.0,0.0,3.0,7.0,0.0,7.0,0.5,0.0,0.3,0.0,0,0,2,11.0,0.0,9.0,3,1,256,0.0,0.0023792529145848203,0.0,0.0,0.3333333333333333,0.0,0.0,0.0,0.0,0.0,0.0,0.0,0.0,0.003892634896631597,0.0,0.00393700787401575,0.00020652957954719886,0.0,0.0011713245117956038,0.006423982869379015,0.0021413276231263384
9042054027817111999,1,2,0,2,1,0,1,1,0,1,9.0,0.0,9.0,7.0,0.0,7.0,2.0,0.0,2.0,0.5,0.0,0.7777777777777778,0.0,0,0,2,10.0,0.0,8.0,3,1,256,0.0,0.0021413276231263384,0.0,0.0,0.3333333333333333,0.0,0.0,0.0,0.0,0.0,0.0,0.0,0.0,0.003883657595953244,0.0,0.003937007874015749,0.0,1.970339903284435e-5,0.0011713245117956038,0.006423982869379015,0.0021413276231263384
4325992010381310792,1,2,0,2,1,0,1,1,0,1,8.0,0.0,8.0,6.0,0.0,6.0,2.0,0.0,2.0,0.5,0.0,0.75,0.0,0,0,2,9.0,0.0,7.0,3,1,256,0.0,0.0019034023316678564,0.0,0.0,0.3333333333333333,0.0,0.0,0.0,0.0,0.0,0.0,0.0,0.0,0.0038808713126390055,0.0,0.003937007874015749,4.903221805652169e-5,0.0,0.0011713245117956038,0.006423982869379015,0.0021413276231263384
8088534525088339029,2,2,0,2,1,0,1,1,0,1,6.0,0.0,6.0,3.0,0.0,3.0,3.0,0.0,3.0,0.5,0.0,0.5,0.0,0,0,2,7.0,0.0,5.0,3,1,256,0.0,0.0014275517487508922,0.0,0.0,0.3333333333333333,0.0,0.0,0.0,0.0,0.0,0.0,0.0,0.0,0.003881489763374643,0.0,0.003937007874015749,0.0009273715834923757,0.0,0.0011713245117956038,0.006423982869379015,0.0021413276231263384
4699816449470483039,2,2,0,2,1,0,1,1,0,1,6.0,0.0,6.0,2.0,0.0,2.0,4.0,0.0,4.0,0.5,0.0,0.3333333333333333,0.0,0,0,2,7.0,0.0,5.0,3,1,256,0.0,0.0014275517487508922,0.0,0.0,0.3333333333333333,0.0,0.0,0.0,0.0,0.0,0.0,0.0,0.0,0.0038752987460105295,0.0,0.003937007874015749,0.00018557950774050758,0.0,0.0011713245117956038,0.006423982869379015,0.0021413276231263384
5865231938159002515,2,2,0,2,1,0,1,1,0,1,10.0,0.0,10.0,3.0,0.0,3.0,7.0,0.0,7.0,0.5,0.0,0.3,0.0,0,0,2,11.0,0.0,9.0,3,1,256,0.0,0.0023792529145848203,0.0,0.0,0.3333333333333333,0.0,0.0,0.0,0.0,0.0,0.0,0.0,0.0,0.003892634896631597,0.0,0.00393700787401575,0.00020652957954719886,0.0,0.0011713245117956038,0.006423982869379015,0.0021413276231263384
4701353792573515448,2,2,0,2,1,0,1,1,0,1,9.0,0.0,9.0,3.0,0.0,3.0,6.0,0.0,6.0,0.5,0.0,0.3333333333333333,0.0,0,0,2,10.0,0.0,8.0,3,1,256,0.0,0.0021413276231263384,0.0,0.0,0.3333333333333333,0.0,0.0,0.0,0.0,0.0,0.0,0.0,0.0,0.0038898486133173587,0.0,0.00393700787401575,0.00027552403492087096,0.0,0.0011713245117956038,0.006423982869379015,0.0021413276231263384
6269211698580390062,2,2,0,2,1,0,1,1,0,1,6.0,0.0,6.0,2.0,0.0,2.0,4.0,0.0,4.0,0.5,0.0,0.3333333333333333,0.0,0,0,2,7.0,0.0,5.0,3,1,256,0.0,0.0014275517487508922,0.0,0.0,0.3333333333333333,0.0,0.0,0.0,0.0,0.0,0.0,0.0,0.0,0.0038752987460105295,0.0,0.003937007874015749,0.00018557950774050758,0.0,0.0011713245117956038,0.006423982869379015,0.0021413276231263384
1004724357162684961,1,2,0,2,1,0,1,1,0,1,8.0,0.0,8.0,6.0,0.0,6.0,2.0,0.0,2.0,0.5,0.0,0.75,0.0,0,0,2,9.0,0.0,7.0,3,1,256,0.0,0.0019034023316678564,0.0,0.0,0.3333333333333333,0.0,0.0,0.0,0.0,0.0,0.0,0.0,0.0,0.0038808713126390055,0.0,0.003937007874015749,0.0,0.000464147736144116,0.0011713245117956038,0.006423982869379015,0.0021413276231263384
7491139359429068184,2,2,0,2,1,0,1,1,0,1,6.0,0.0,6.0,2.0,0.0,2.0,4.0,0.0,4.0,0.5,0.0,0.3333333333333333,0.0,0,0,2,7.0,0.0,5.0,3,1,256,0.0,0.0014275517487508922,0.0,0.0,0.3333333333333333,0.0,0.0,0.0,0.0,0.0,0.0,0.0,0.0,0.0038752987460105295,0.0,0.003937007874015749,0.00018557950774050758,0.0,0.0011713245117956038,0.006423982869379015,0.0021413276231263384
5411053893129728547,2,2,0,2,1,0,1,1,0,1,7.0,0.0,7.0,2.0,0.0,2.0,5.0,0.0,5.0,0.5,0.0,0.2857142857142857,0.0,0,0,2,8.0,0.0,6.0,3,1,256,0.0,0.0016654770402093743,0.0,0.0,0.3333333333333333,0.0,0.0,0.0,0.0,0.0,0.0,0.0,0.0,0.003878085029324768,0.0,0.003937007874015749,0.00011745955420899845,0.0,0.0011713245117956038,0.006423982869379015,0.0021413276231263384
8925942571399654893,1,2,0,2,1,0,1,1,0,1,10.0,0.0,10.0,8.0,0.0,8.0,2.0,0.0,2.0,0.5,0.0,0.8,0.0,0,0,2,11.0,0.0,9.0,3,1,256,0.0,0.0023792529145848203,0.0,0.0,0.3333333333333333,0.0,0.0,0.0,0.0,0.0,0.0,0.0,0.0,0.0038864438792674833,0.0,0.003937007874015749,0.0,8.874819823051494e-5,0.0011713245117956038,0.006423982869379015,0.0021413276231263384
1650282881851176404,2,2,0,2,1,0,1,1,0,1,11.0,0.0,11.0,3.0,0.0,3.0,8.0,0.0,8.0,0.5,0.0,0.2727272727272727,0.0,0,0,2,12.0,0.0,10.0,3,1,256,0.0,0.0026171782060433026,0.0,0.0,0.3333333333333333,0.0,0.0,0.0,0.0,0.0,0.0,0.0,0.0,0.0038954211799458347,0.0,0.003937007874015749,0.0001372249675552495,0.0,0.0011713245117956038,0.006423982869379015,0.0021413276231263384
5186502763290307531,2,2,0,2,1,0,1,1,0,1,7.0,0.0,7.0,2.0,0.0,2.0,5.0,0.0,5.0,0.5,0.0,0.2857142857142857,0.0,0,0,2,8.0,0.0,6.0,3,1,256,0.0,0.0016654770402093743,0.0,0.0,0.3333333333333333,0.0,0.0,0.0,0.0,0.0,0.0,0.0,0.0,0.003878085029324768,0.0,0.003937007874015749,0.00011745955420899845,0.0,0.0011713245117956038,0.006423982869379015,0.0021413276231263384
3182622856710736777,2,2,0,2,1,0,1,1,0,1,10.0,0.0,10.0,3.0,0.0,3.0,7.0,0.0,7.0,0.5,0.0,0.3,0.0,0,0,2,11.0,0.0,9.0,3,1,256,0.0,0.0023792529145848203,0.0,0.0,0.3333333333333333,0.0,0.0,0.0,0.0,0.0,0.0,0.0,0.0,0.003892634896631597,0.0,0.00393700787401575,0.00020652957954719886,0.0,0.0011713245117956038,0.006423982869379015,0.0021413276231263384
6608076383801838319,2,2,0,2,1,0,1,1,0,1,6.0,0.0,6.0,2.0,0.0,2.0,4.0,0.0,4.0,0.5,0.0,0.3333333333333333,0.0,0,0,2,7.0,0.0,5.0,3,1,256,0.0,0.0014275517487508922,0.0,0.0,0.3333333333333333,0.0,0.0,0.0,0.0,0.0,0.0,0.0,0.0,0.0038752987460105295,0.0,0.003937007874015749,0.00018557950774050758,0.0,0.0011713245117956038,0.006423982869379015,0.0021413276231263384
7098189480991966917,2,2,0,2,1,0,1,1,0,1,7.0,0.0,7.0,2.0,0.0,2.0,5.0,0.0,5.0,0.5,0.0,0.2857142857142857,0.0,0,0,2,8.0,0.0,6.0,3,1,256,0.0,0.0016654770402093743,0.0,0.0,0.3333333333333333,0.0,0.0,0.0,0.0,0.0,0.0,0.0,0.0,0.003878085029324768,0.0,0.003937007874015749,0.00011745955420899845,0.0,0.0011713245117956038,0.006423982869379015,0.0021413276231263384
200117198493266635,2,2,0,2,1,0,1,1,0,1,8.0,0.0,8.0,3.0,0.0,3.0,5.0,0.0,5.0,0.5,0.0,0.375,0.0,0,0,2,9.0,0.0,7.0,3,1,256,0.0,0.0019034023316678564,0.0,0.0,0.3333333333333333,0.0,0.0,0.0,0.0,0.0,0.0,0.0,0.0,0.00388706233000312,0.0,0.003937007874015749,0.0003881855327235728,0.0,0.0011713245117956038,0.006423982869379015,0.0021413276231263384
8728903398385039603,2,2,0,2,1,0,1,1,0,1,8.0,0.0,8.0,3.0,0.0,3.0,5.0,0.0,5.0,0.5,0.0,0.375,0.0,0,0,2,9.0,0.0,7.0,3,1,256,0.0,0.0019034023316678564,0.0,0.0,0.3333333333333333,0.0,0.0,0.0,0.0,0.0,0.0,0.0,0.0,0.00388706233000312,0.0,0.003937007874015749,0.0003881855327235728,0.0,0.0011713245117956038,0.006423982869379015,0.0021413276231263384
4389495244000733617,1,2,0,2,1,0,1,1,0,1,8.0,0.0,8.0,6.0,0.0,6.0,2.0,0.0,2.0,0.5,0.0,0.75,0.0,0,0,2,9.0,0.0,7.0,3,1,256,0.0,0.0019034023316678564,0.0,0.0,0.3333333333333333,0.0,0.0,0.0,0.0,0.0,0.0,0.0,0.0,0.0038808713126390055,0.0,0.003937007874015749,0.0,0.0006035907769878501,0.0011713245117956038,0.006423982869379015,0.0021413276231263384
5937591846442539693,2,2,0,2,1,0,1,1,0,1,4.0,0.0,4.0,2.0,0.0,2.0,2.0,0.0,2.0,0.5,0.0,0.5,0.0,0,0,2,5.0,0.0,3.0,3,1,256,0.0,0.0009517011658339282,0.0,0.0,0.3333333333333333,0.0,0.0,0.0,0.0,0.0,0.0,0.0,0.0,0.0038697261793820526,0.0,0.003937007874015749,0.0006159674935266035,0.0,0.0011713245117956038,0.006423982869379015,0.0021413276231263384
8322794987967515690,2,2,0,2,1,0,1,1,0,1,9.0,0.0,9.0,3.0,0.0,3.0,6.0,0.0,6.0,0.5,0.0,0.3333333333333333,0.0,0,0,2,10.0,0.0,8.0,3,1,256,0.0,0.0021413276231263384,0.0,0.0,0.3333333333333333,0.0,0.0,0.0,0.0,0.0,0.0,0.0,0.0,0.0038898486133173587,0.0,0.00393700787401575,0.00027552403492087096,0.0,0.0011713245117956038,0.006423982869379015,0.0021413276231263384
8413443718727498708,2,2,0,2,1,0,1,1,0,1,9.0,0.0,9.0,3.0,0.0,3.0,6.0,0.0,6.0,0.5,0.0,0.3333333333333333,0.0,0,0,2,10.0,0.0,8.0,3,1,256,0.0,0.0021413276231263384,0.0,0.0,0.3333333333333333,0.0,0.0,0.0,0.0,0.0,0.0,0.0,0.0,0.0038898486133173587,0.0,0.00393700787401575,0.00011829137899316278,0.0,0.0011713245117956038,0.006423982869379015,0.0021413276231263384
9561376186176565170,1,2,0,2,1,0,1,1,0,1,8.0,0.0,8.0,6.0,0.0,6.0,2.0,0.0,2.0,0.5,0.0,0.75,0.0,0,0,2,9.0,0.0,7.0,3,1,256,0.0,0.0019034023316678564,0.0,0.0,0.3333333333333333,0.0,0.0,0.0,0.0,0.0,0.0,0.0,0.0,0.0038808713126390055,0.0,0.003937007874015749,4.903221805652169e-5,0.0,0.0011713245117956038,0.006423982869379015,0.0021413276231263384
107202683742442673,2,2,0,2,1,0,1,1,0,1,9.0,0.0,9.0,3.0,0.0,3.0,6.0,0.0,6.0,0.5,0.0,0.3333333333333333,0.0,0,0,2,10.0,0.0,8.0,3,1,256,0.0,0.0021413276231263384,0.0,0.0,0.3333333333333333,0.0,0.0,0.0,0.0,0.0,0.0,0.0,0.0,0.0038898486133173587,0.0,0.00393700787401575,0.00011829137899316278,0.0,0.0011713245117956038,0.006423982869379015,0.0021413276231263384
2753486438238562920,2,2,0,2,1,0,1,1,0,1,7.0,0.0,7.0,2.0,0.0,2.0,5.0,0.0,5.0,0.5,0.0,0.2857142857142857,0.0,0,0,2,8.0,0.0,6.0,3,1,256,0.0,0.0016654770402093743,0.0,0.0,0.3333333333333333,0.0,0.0,0.0,0.0,0.0,0.0,0.0,0.0,0.003878085029324768,0.0,0.003937007874015749,0.00011745955420899845,0.0,0.0011713245117956038,0.006423982869379015,0.0021413276231263384
2719873875973612369,2,2,0,2,1,0,1,1,0,1,7.0,0.0,7.0,2.0,0.0,2.0,5.0,0.0,5.0,0.5,0.0,0.2857142857142857,0.0,0,0,2,8.0,0.0,6.0,3,1,256,0.0,0.0016654770402093743,0.0,0.0,0.3333333333333333,0.0,0.0,0.0,0.0,0.0,0.0,0.0,0.0,0.003878085029324768,0.0,0.003937007874015749,0.00011745955420899845,0.0,0.0011713245117956038,0.006423982869379015,0.0021413276231263384
9997602517105845245,2,2,0,2,1,0,1,1,0,1,7.0,0.0,7.0,2.0,0.0,2.0,5.0,0.0,5.0,0.5,0.0,0.2857142857142857,0.0,0,0,2,8.0,0.0,6.0,3,1,256,0.0,0.0016654770402093743,0.0,0.0,0.3333333333333333,0.0,0.0,0.0,0.0,0.0,0.0,0.0,0.0,0.003878085029324768,0.0,0.003937007874015749,0.00011745955420899845,0.0,0.0011713245117956038,0.006423982869379015,0.0021413276231263384
8889744612599415173,2,2,0,2,1,0,1,1,0,1,7.0,0.0,7.0,2.0,0.0,2.0,5.0,0.0,5.0,0.5,0.0,0.2857142857142857,0.0,0,0,2,8.0,0.0,6.0,3,1,256,0.0,0.0016654770402093743,0.0,0.0,0.3333333333333333,0.0,0.0,0.0,0.0,0.0,0.0,0.0,0.0,0.003878085029324768,0.0,0.003937007874015749,0.00011745955420899845,0.0,0.0011713245117956038,0.006423982869379015,0.0021413276231263384
4217087321656477355,2,2,0,2,1,0,1,1,0,1,7.0,0.0,7.0,2.0,0.0,2.0,5.0,0.0,5.0,0.5,0.0,0.2857142857142857,0.0,0,0,2,8.0,0.0,6.0,3,1,256,0.0,0.0016654770402093743,0.0,0.0,0.3333333333333333,0.0,0.0,0.0,0.0,0.0,0.0,0.0,0.0,0.003878085029324768,0.0,0.003937007874015749,0.0,0.00019381680807500912,0.0011713245117956038,0.006423982869379015,0.0021413276231263384
1234036584408316217,1,2,0,2,1,0,1,1,0,1,8.0,0.0,8.0,6.0,0.0,6.0,2.0,0.0,2.0,0.5,0.0,0.75,0.0,0,0,2,9.0,0.0,7.0,3,1,256,0.0,0.0019034023316678564,0.0,0.0,0.3333333333333333,0.0,0.0,0.0,0.0,0.0,0.0,0.0,0.0,0.0038808713126390055,0.0,0.003937007874015749,4.903221805652169e-5,0.0,0.0011713245117956038,0.006423982869379015,0.0021413276231263384
8343329955440739894,1,2,0,2,1,0,1,1,0,1,8.0,0.0,8.0,6.0,0.0,6.0,2.0,0.0,2.0,0.5,0.0,0.75,0.0,0,0,2,9.0,0.0,7.0,3,1,256,0.0,0.0019034023316678564,0.0,0.0,0.3333333333333333,0.0,0.0,0.0,0.0,0.0,0.0,0.0,0.0,0.0038808713126390055,0.0,0.003937007874015749,4.903221805652169e-5,0.0,0.0011713245117956038,0.006423982869379015,0.0021413276231263384
5962406208712014212,1,2,0,2,1,0,1,1,0,1,7.0,0.0,7.0,6.0,0.0,6.0,1.0,0.0,1.0,0.5,0.0,0.8571428571428571,0.0,0,0,2,8.0,0.0,6.0,3,1,256,0.0,0.0016654770402093743,0.0,0.0,0.3333333333333333,0.0,0.0,0.0,0.0,0.0,0.0,0.0,0.0,0.003871894011960654,0.0,0.003937007874015749,0.0,0.0003318747499596042,0.0011713245117956038,0.006423982869379015,0.0021413276231263384
4902767597759544259,1,2,0,2,1,0,1,1,0,1,6.0,0.0,6.0,5.0,0.0,5.0,1.0,0.0,1.0,0.5,0.0,0.8333333333333334,0.0,0,0,2,7.0,0.0,5.0,3,1,256,0.0,0.0014275517487508922,0.0,0.0,0.3333333333333333,0.0,0.0,0.0,0.0,0.0,0.0,0.0,0.0,0.003869107728646416,0.0,0.003937007874015749,0.0,0.00032237645117799696,0.0011713245117956038,0.006423982869379015,0.0021413276231263384
274354283771999006,2,2,0,2,1,0,1,1,0,1,7.0,0.0,7.0,2.0,0.0,2.0,5.0,0.0,5.0,0.5,0.0,0.2857142857142857,0.0,0,0,2,8.0,0.0,6.0,3,1,256,0.0,0.0016654770402093743,0.0,0.0,0.3333333333333333,0.0,0.0,0.0,0.0,0.0,0.0,0.0,0.0,0.003878085029324768,0.0,0.003937007874015749,0.00011745955420899845,0.0,0.0011713245117956038,0.006423982869379015,0.0021413276231263384
8215280654420431194,1,2,0,2,1,0,1,1,0,1,5.0,0.0,5.0,4.0,0.0,4.0,1.0,0.0,1.0,0.5,0.0,0.8,0.0,0,0,2,6.0,0.0,4.0,3,1,256,0.0,0.0011896264572924102,0.0,0.0,0.3333333333333333,0.0,0.0,0.0,0.0,0.0,0.0,0.0,0.0,0.003866321445332177,0.0,0.003937007874015749,0.0,0.0003125633951501783,0.0011713245117956038,0.006423982869379015,0.0021413276231263384
205945681449750545,2,2,0,2,1,0,1,1,0,1,7.0,0.0,7.0,2.0,0.0,2.0,5.0,0.0,5.0,0.5,0.0,0.2857142857142857,0.0,0,0,2,8.0,0.0,6.0,3,1,256,0.0,0.0016654770402093743,0.0,0.0,0.3333333333333333,0.0,0.0,0.0,0.0,0.0,0.0,0.0,0.0,0.003878085029324768,0.0,0.003937007874015749,0.00011745955420899845,0.0,0.0011713245117956038,0.006423982869379015,0.0021413276231263384
1836679913050380170,2,2,0,2,1,0,1,1,0,1,7.0,0.0,7.0,2.0,0.0,2.0,5.0,0.0,5.0,0.5,0.0,0.2857142857142857,0.0,0,0,2,8.0,0.0,6.0,3,1,256,0.0,0.0016654770402093743,0.0,0.0,0.3333333333333333,0.0,0.0,0.0,0.0,0.0,0.0,0.0,0.0,0.003878085029324768,0.0,0.003937007874015749,0.0,0.00019381680807500912,0.0011713245117956038,0.006423982869379015,0.0021413276231263384
7726180503314159644,1,2,0,2,1,0,1,1,0,1,4.0,0.0,4.0,3.0,0.0,3.0,1.0,0.0,1.0,0.5,0.0,0.75,0.0,0,0,2,5.0,0.0,3.0,3,1,256,0.0,0.0009517011658339282,0.0,0.0,0.3333333333333333,0.0,0.0,0.0,0.0,0.0,0.0,0.0,0.0,0.003863535162017939,0.0,0.003937007874015749,0.0,0.0003024366447646476,0.0011713245117956038,0.006423982869379015,0.0021413276231263384
8508085203305517033,1,1,0,1,1,0,1,0,0,0,6.0,0.0,6.0,6.0,0.0,6.0,0.0,0.0,0.0,1.0,0.0,1.0,0.0,0,0,1,7.0,0.0,5.0,2,1,255,0.0,0.0014275517487508922,0.0,0.0,0.5,0.0,0.0,0.0,0.0,0.0,0.0,0.0,0.0,0.0038629167112823014,0.0,0.003937007874015749,0.0,6.03632359037487e-5,0.0011667490254214023,0.004282655246252677,0.0021413276231263384
4667132356538588603,2,2,0,2,1,0,1,1,0,1,6.0,0.0,6.0,2.0,0.0,2.0,4.0,0.0,4.0,0.5,0.0,0.3333333333333333,0.0,0,0,2,7.0,0.0,5.0,3,1,256,0.0,0.0014275517487508922,0.0,0.0,0.3333333333333333,0.0,0.0,0.0,0.0,0.0,0.0,0.0,0.0,0.0038752987460105295,0.0,0.003937007874015749,0.00018557950774050758,0.0,0.0011713245117956038,0.006423982869379015,0.0021413276231263384
8336921538881930401,1,2,0,2,1,0,1,1,0,1,5.0,0.0,5.0,4.0,0.0,4.0,1.0,0.0,1.0,0.5,0.0,0.8,0.0,0,0,2,6.0,0.0,4.0,3,1,256,0.0,0.0011896264572924102,0.0,0.0,0.3333333333333333,0.0,0.0,0.0,0.0,0.0,0.0,0.0,0.0,0.003866321445332177,0.0,0.003937007874015749,0.0,4.107990438506626e-5,0.0011713245117956038,0.006423982869379015,0.0021413276231263384
9688616258852893988,1,2,0,2,1,0,1,1,0,1,7.0,0.0,7.0,6.0,0.0,6.0,1.0,0.0,1.0,0.5,0.0,0.8571428571428571,0.0,0,0,2,8.0,0.0,6.0,3,1,256,0.0,0.0016654770402093743,0.0,0.0,0.3333333333333333,0.0,0.0,0.0,0.0,0.0,0.0,0.0,0.0,0.003871894011960654,0.0,0.003937007874015749,0.0,0.0003318747499596042,0.0011713245117956038,0.006423982869379015,0.0021413276231263384
4579200512554801444,1,2,0,2,1,0,1,1,0,1,7.0,0.0,7.0,6.0,0.0,6.0,1.0,0.0,1.0,0.5,0.0,0.8571428571428571,0.0,0,0,2,8.0,0.0,6.0,3,1,256,0.0,0.0016654770402093743,0.0,0.0,0.3333333333333333,0.0,0.0,0.0,0.0,0.0,0.0,0.0,0.0,0.003871894011960654,0.0,0.003937007874015749,0.0,0.0003318747499596042,0.0011713245117956038,0.006423982869379015,0.0021413276231263384
952330237158250731,2,2,0,2,1,0,1,1,0,1,7.0,0.0,7.0,2.0,0.0,2.0,5.0,0.0,5.0,0.5,0.0,0.2857142857142857,0.0,0,0,2,8.0,0.0,6.0,3,1,256,0.0,0.0016654770402093743,0.0,0.0,0.3333333333333333,0.0,0.0,0.0,0.0,0.0,0.0,0.0,0.0,0.003878085029324768,0.0,0.003937007874015749,0.0,0.00019381680807500912,0.0011713245117956038,0.006423982869379015,0.0021413276231263384
3509043665874082534,1,2,0,2,1,0,1,1,0,1,7.0,0.0,7.0,6.0,0.0,6.0,1.0,0.0,1.0,0.5,0.0,0.8571428571428571,0.0,0,0,2,8.0,0.0,6.0,3,1,256,0.0,0.0016654770402093743,0.0,0.0,0.3333333333333333,0.0,0.0,0.0,0.0,0.0,0.0,0.0,0.0,0.003871894011960654,0.0,0.003937007874015749,0.0,0.00017711327366248808,0.0011713245117956038,0.006423982869379015,0.0021413276231263384
9623572504360777409,2,2,0,2,1,0,1,1,0,1,3.0,0.0,3.0,1.0,0.0,1.0,2.0,0.0,2.0,0.5,0.0,0.3333333333333333,0.0,0,0,2,4.0,0.0,2.0,3,1,256,0.0,0.0007137758743754461,0.0,0.0,0.3333333333333333,0.0,0.0,0.0,0.0,0.0,0.0,0.0,0.0,0.0038607488787037003,0.0,0.003937007874015749,9.373136347795574e-5,0.0,0.0011713245117956038,0.006423982869379015,0.0021413276231263384
3562488264093754137,1,2,0,2,1,0,1,1,0,1,7.0,0.0,7.0,6.0,0.0,6.0,1.0,0.0,1.0,0.5,0.0,0.8571428571428571,0.0,0,0,2,8.0,0.0,6.0,3,1,256,0.0,0.0016654770402093743,0.0,0.0,0.3333333333333333,0.0,0.0,0.0,0.0,0.0,0.0,0.0,0.0,0.003871894011960654,0.0,0.003937007874015749,0.0,0.00017711327366248808,0.0011713245117956038,0.006423982869379015,0.0021413276231263384
861497651926017317,2,2,0,2,1,0,1,1,0,1,7.0,0.0,7.0,2.0,0.0,2.0,5.0,0.0,5.0,0.5,0.0,0.2857142857142857,0.0,0,0,2,8.0,0.0,6.0,3,1,256,0.0,0.0016654770402093743,0.0,0.0,0.3333333333333333,0.0,0.0,0.0,0.0,0.0,0.0,0.0,0.0,0.003878085029324768,0.0,0.003937007874015749,0.0,0.00019381680807500912,0.0011713245117956038,0.006423982869379015,0.0021413276231263384
6927641152968874281,1,2,0,2,1,0,1,1,0,1,4.0,0.0,4.0,3.0,0.0,3.0,1.0,0.0,1.0,0.5,0.0,0.75,0.0,0,0,2,5.0,0.0,3.0,3,1,256,0.0,0.0009517011658339282,0.0,0.0,0.3333333333333333,0.0,0.0,0.0,0.0,0.0,0.0,0.0,0.0,0.003863535162017939,0.0,0.003937007874015749,2.6478047126188287e-5,0.0,0.0011713245117956038,0.006423982869379015,0.0021413276231263384
6844357722675370019,1,2,0,2,1,0,1,1,0,1,8.0,0.0,8.0,7.0,0.0,7.0,1.0,0.0,1.0,0.5,0.0,0.875,0.0,0,0,2,9.0,0.0,7.0,3,1,256,0.0,0.0019034023316678564,0.0,0.0,0.3333333333333333,0.0,0.0,0.0,0.0,0.0,0.0,0.0,0.0,0.003874680295274892,0.0,0.003937007874015749,0.0,0.0003410572250460153,0.0011713245117956038,0.006423982869379015,0.0021413276231263384
4133877996853609154,1,1,0,1,1,0,1,0,0,0,4.0,0.0,4.0,4.0,0.0,4.0,0.0,0.0,0.0,1.0,0.0,1.0,0.0,0,0,1,5.0,0.0,3.0,2,1,255,0.0,0.0009517011658339282,0.0,0.0,0.5,0.0,0.0,0.0,0.0,0.0,0.0,0.0,0.0,0.0038573441446538253,0.0,0.003937007874015749,0.0,4.149397672942312e-5,0.0011667490254214023,0.004282655246252677,0.0021413276231263384
5657007414935917635,1,2,0,2,1,0,1,1,0,1,10.0,0.0,10.0,8.0,0.0,8.0,2.0,0.0,2.0,0.5,0.0,0.8,0.0,0,0,2,11.0,0.0,9.0,3,1,256,0.0,0.0023792529145848203,0.0,0.0,0.3333333333333333,0.0,0.0,0.0,0.0,0.0,0.0,0.0,0.0,0.0038864438792674833,0.0,0.003937007874015749,0.0,0.0006220815315637895,0.0011713245117956038,0.006423982869379015,0.0021413276231263384
6730559985419566876,1,2,0,2,1,0,1,1,0,1,6.0,0.0,6.0,5.0,0.0,5.0,1.0,0.0,1.0,0.5,0.0,0.8333333333333334,0.0,0,0,2,7.0,0.0,5.0,3,1,256,0.0,0.0014275517487508922,0.0,0.0,0.3333333333333333,0.0,0.0,0.0,0.0,0.0,0.0,0.0,0.0,0.003869107728646416,0.0,0.003937007874015749,0.0,0.00010894338054417974,0.0011713245117956038,0.006423982869379015,0.0021413276231263384
92707768093632929,1,2,0,2,1,0,1,1,0,1,9.0,0.0,9.0,7.0,0.0,7.0,2.0,0.0,2.0,0.5,0.0,0.7777777777777778,0.0,0,0,2,10.0,0.0,8.0,3,1,256,0.0,0.0021413276231263384,0.0,0.0,0.3333333333333333,0.0,0.0,0.0,0.0,0.0,0.0,0.0,0.0,0.003883657595953244,0.0,0.003937007874015749,0.0,1.970339903284435e-5,0.0011713245117956038,0.006423982869379015,0.0021413276231263384
2428767116780268027,1,2,0,2,1,0,1,1,0,1,8.0,0.0,8.0,7.0,0.0,7.0,1.0,0.0,1.0,0.5,0.0,0.875,0.0,0,0,2,9.0,0.0,7.0,3,1,256,0.0,0.0019034023316678564,0.0,0.0,0.3333333333333333,0.0,0.0,0.0,0.0,0.0,0.0,0.0,0.0,0.003874680295274892,0.0,0.003937007874015749,0.0,0.0003410572250460153,0.0011713245117956038,0.006423982869379015,0.0021413276231263384
2926908527681731921,1,1,0,1,1,0,1,0,0,0,4.0,0.0,4.0,4.0,0.0,4.0,0.0,0.0,0.0,1.0,0.0,1.0,0.0,0,0,1,5.0,0.0,3.0,2,1,255,0.0,0.0009517011658339282,0.0,0.0,0.5,0.0,0.0,0.0,0.0,0.0,0.0,0.0,0.0,0.0038573441446538253,0.0,0.003937007874015749,0.0,4.149397672942312e-5,0.0011667490254214023,0.004282655246252677,0.0021413276231263384
4074638776718375113,1,1,0,1,1,0,1,0,0,0,6.0,0.0,6.0,6.0,0.0,6.0,0.0,0.0,0.0,1.0,0.0,1.0,0.0,0,0,1,7.0,0.0,5.0,2,1,255,0.0,0.0014275517487508922,0.0,0.0,0.5,0.0,0.0,0.0,0.0,0.0,0.0,0.0,0.0,0.0038629167112823014,0.0,0.003937007874015749,0.0,6.03632359037487e-5,0.0011667490254214023,0.004282655246252677,0.0021413276231263384
1089834436637173588,2,2,0,2,1,0,1,1,0,1,7.0,0.0,7.0,2.0,0.0,2.0,5.0,0.0,5.0,0.5,0.0,0.2857142857142857,0.0,0,0,2,8.0,0.0,6.0,3,1,256,0.0,0.0016654770402093743,0.0,0.0,0.3333333333333333,0.0,0.0,0.0,0.0,0.0,0.0,0.0,0.0,0.003878085029324768,0.0,0.003937007874015749,0.00011745955420899845,0.0,0.0011713245117956038,0.006423982869379015,0.0021413276231263384
859865870069863107,1,2,0,2,1,0,1,1,0,1,5.0,0.0,5.0,4.0,0.0,4.0,1.0,0.0,1.0,0.5,0.0,0.8,0.0,0,0,2,6.0,0.0,4.0,3,1,256,0.0,0.0011896264572924102,0.0,0.0,0.3333333333333333,0.0,0.0,0.0,0.0,0.0,0.0,0.0,0.0,0.003866321445332177,0.0,0.003937007874015749,0.0,4.107990438506626e-5,0.0011713245117956038,0.006423982869379015,0.0021413276231263384
9828510787498852029,1,2,0,2,1,0,1,1,0,1,8.0,0.0,8.0,6.0,0.0,6.0,2.0,0.0,2.0,0.5,0.0,0.75,0.0,0,0,2,9.0,0.0,7.0,3,1,256,0.0,0.0019034023316678564,0.0,0.0,0.3333333333333333,0.0,0.0,0.0,0.0,0.0,0.0,0.0,0.0,0.0038808713126390055,0.0,0.003937007874015749,4.903221805652169e-5,0.0,0.0011713245117956038,0.006423982869379015,0.0021413276231263384
4888506763667774558,2,2,0,2,1,0,1,1,0,1,7.0,0.0,7.0,2.0,0.0,2.0,5.0,0.0,5.0,0.5,0.0,0.2857142857142857,0.0,0,0,2,8.0,0.0,6.0,3,1,256,0.0,0.0016654770402093743,0.0,0.0,0.3333333333333333,0.0,0.0,0.0,0.0,0.0,0.0,0.0,0.0,0.003878085029324768,0.0,0.003937007874015749,0.00011745955420899845,0.0,0.0011713245117956038,0.006423982869379015,0.0021413276231263384
9206168423620969090,1,2,0,2,1,0,1,1,0,1,6.0,0.0,6.0,5.0,0.0,5.0,1.0,0.0,1.0,0.5,0.0,0.8333333333333334,0.0,0,0,2,7.0,0.0,5.0,3,1,256,0.0,0.0014275517487508922,0.0,0.0,0.3333333333333333,0.0,0.0,0.0,0.0,0.0,0.0,0.0,0.0,0.003869107728646416,0.0,0.003937007874015749,0.0,0.00010894338054417974,0.0011713245117956038,0.006423982869379015,0.0021413276231263384
7926143698484050541,1,2,0,2,1,0,1,1,0,1,7.0,0.0,7.0,6.0,0.0,6.0,1.0,0.0,1.0,0.5,0.0,0.8571428571428571,0.0,0,0,2,8.0,0.0,6.0,3,1,256,0.0,0.0016654770402093743,0.0,0.0,0.3333333333333333,0.0,0.0,0.0,0.0,0.0,0.0,0.0,0.0,0.003871894011960654,0.0,0.003937007874015749,0.0,0.00017711327366248808,0.0011713245117956038,0.006423982869379015,0.0021413276231263384
4134181574215474474,1,2,0,2,1,0,1,1,0,1,5.0,0.0,5.0,4.0,0.0,4.0,1.0,0.0,1.0,0.5,0.0,0.8,0.0,0,0,2,6.0,0.0,4.0,3,1,256,0.0,0.0011896264572924102,0.0,0.0,0.3333333333333333,0.0,0.0,0.0,0.0,0.0,0.0,0.0,0.0,0.003866321445332177,0.0,0.003937007874015749,0.0,4.107990438506626e-5,0.0011713245117956038,0.006423982869379015,0.0021413276231263384
7353935351329598334,2,2,0,2,1,0,1,1,0,1,6.0,0.0,6.0,2.0,0.0,2.0,4.0,0.0,4.0,0.5,0.0,0.3333333333333333,0.0,0,0,2,7.0,0.0,5.0,3,1,256,0.0,0.0014275517487508922,0.0,0.0,0.3333333333333333,0.0,0.0,0.0,0.0,0.0,0.0,0.0,0.0,0.0038752987460105295,0.0,0.003937007874015749,7.631259164875281e-5,0.0,0.0011713245117956038,0.006423982869379015,0.0021413276231263384
9571593946279461090,1,2,0,2,1,0,1,1,0,1,6.0,0.0,6.0,5.0,0.0,5.0,1.0,0.0,1.0,0.5,0.0,0.8333333333333334,0.0,0,0,2,7.0,0.0,5.0,3,1,256,0.0,0.0014275517487508922,0.0,0.0,0.3333333333333333,0.0,0.0,0.0,0.0,0.0,0.0,0.0,0.0,0.003869107728646416,0.0,0.003937007874015749,0.0,0.00010894338054417974,0.0011713245117956038,0.006423982869379015,0.0021413276231263384
8074863853451259412,1,2,0,2,1,0,1,1,0,1,7.0,0.0,7.0,6.0,0.0,6.0,1.0,0.0,1.0,0.5,0.0,0.8571428571428571,0.0,0,0,2,8.0,0.0,6.0,3,1,256,0.0,0.0016654770402093743,0.0,0.0,0.3333333333333333,0.0,0.0,0.0,0.0,0.0,0.0,0.0,0.0,0.003871894011960654,0.0,0.003937007874015749,0.0,0.0003318747499596042,0.0011713245117956038,0.006423982869379015,0.0021413276231263384
5702699983607546756,1,2,0,2,1,0,1,1,0,1,9.0,0.0,9.0,7.0,0.0,7.0,2.0,0.0,2.0,0.5,0.0,0.7777777777777778,0.0,0,0,2,10.0,0.0,8.0,3,1,256,0.0,0.0021413276231263384,0.0,0.0,0.3333333333333333,0.0,0.0,0.0,0.0,0.0,0.0,0.0,0.0,0.003883657595953244,0.0,0.003937007874015749,0.0,1.970339903284435e-5,0.0011713245117956038,0.006423982869379015,0.0021413276231263384
6678707382210134776,1,2,0,2,1,0,1,1,0,1,5.0,0.0,5.0,4.0,0.0,4.0,1.0,0.0,1.0,0.5,0.0,0.8,0.0,0,0,2,6.0,0.0,4.0,3,1,256,0.0,0.0011896264572924102,0.0,0.0,0.3333333333333333,0.0,0.0,0.0,0.0,0.0,0.0,0.0,0.0,0.003866321445332177,0.0,0.003937007874015749,0.0,4.107990438506626e-5,0.0011713245117956038,0.006423982869379015,0.0021413276231263384
4530182144063959262,1,2,0,2,1,0,1,1,0,1,8.0,0.0,8.0,7.0,0.0,7.0,1.0,0.0,1.0,0.5,0.0,0.875,0.0,0,0,2,9.0,0.0,7.0,3,1,256,0.0,0.0019034023316678564,0.0,0.0,0.3333333333333333,0.0,0.0,0.0,0.0,0.0,0.0,0.0,0.0,0.003874680295274892,0.0,0.003937007874015749,0.0,0.0003410572250460153,0.0011713245117956038,0.006423982869379015,0.0021413276231263384
8232188560533225356,1,1,0,1,1,0,1,0,0,0,5.0,0.0,5.0,5.0,0.0,5.0,0.0,0.0,0.0,1.0,0.0,1.0,0.0,0,0,1,6.0,0.0,4.0,2,1,255,0.0,0.0011896264572924102,0.0,0.0,0.5,0.0,0.0,0.0,0.0,0.0,0.0,0.0,0.0,0.0038601304279680627,0.0,0.003937007874015749,0.0,5.1085966339847744e-5,0.0011667490254214023,0.004282655246252677,0.0021413276231263384
5105782610069844977,1,2,0,2,1,0,1,1,0,1,6.0,0.0,6.0,5.0,0.0,5.0,1.0,0.0,1.0,0.5,0.0,0.8333333333333334,0.0,0,0,2,7.0,0.0,5.0,3,1,256,0.0,0.0014275517487508922,0.0,0.0,0.3333333333333333,0.0,0.0,0.0,0.0,0.0,0.0,0.0,0.0,0.003869107728646416,0.0,0.003937007874015749,0.0,0.00032237645117799696,0.0011713245117956038,0.006423982869379015,0.0021413276231263384
2944365526264156980,2,2,0,2,1,0,1,1,0,1,7.0,0.0,7.0,2.0,0.0,2.0,5.0,0.0,5.0,0.5,0.0,0.2857142857142857,0.0,0,0,2,8.0,0.0,6.0,3,1,256,0.0,0.0016654770402093743,0.0,0.0,0.3333333333333333,0.0,0.0,0.0,0.0,0.0,0.0,0.0,0.0,0.003878085029324768,0.0,0.003937007874015749,0.00011745955420899845,0.0,0.0011713245117956038,0.006423982869379015,0.0021413276231263384
8427346302517868102,1,1,0,1,1,0,1,0,0,0,2.0,0.0,2.0,2.0,0.0,2.0,0.0,0.0,0.0,1.0,0.0,1.0,0.0,0,0,1,3.0,0.0,1.0,2,1,255,0.0,0.0004758505829169641,0.0,0.0,0.5,0.0,0.0,0.0,0.0,0.0,0.0,0.0,0.0,0.003851771578025348,0.0,0.003937007874015749,0.0,2.1370080871552233e-5,0.0011667490254214023,0.004282655246252677,0.0021413276231263384
5165224311620548915,1,2,0,2,1,0,1,1,0,1,6.0,0.0,6.0,5.0,0.0,5.0,1.0,0.0,1.0,0.5,0.0,0.8333333333333334,0.0,0,0,2,7.0,0.0,5.0,3,1,256,0.0,0.0014275517487508922,0.0,0.0,0.3333333333333333,0.0,0.0,0.0,0.0,0.0,0.0,0.0,0.0,0.003869107728646416,0.0,0.003937007874015749,0.0,0.00010894338054417974,0.0011713245117956038,0.006423982869379015,0.0021413276231263384
801946329532611075,1,2,0,2,1,0,1,1,0,1,7.0,0.0,7.0,6.0,0.0,6.0,1.0,0.0,1.0,0.5,0.0,0.8571428571428571,0.0,0,0,2,8.0,0.0,6.0,3,1,256,0.0,0.0016654770402093743,0.0,0.0,0.3333333333333333,0.0,0.0,0.0,0.0,0.0,0.0,0.0,0.0,0.003871894011960654,0.0,0.003937007874015749,0.0,0.0003318747499596042,0.0011713245117956038,0.006423982869379015,0.0021413276231263384
466863648712518511,1,2,0,2,1,0,1,1,0,1,8.0,0.0,8.0,6.0,0.0,6.0,2.0,0.0,2.0,0.5,0.0,0.75,0.0,0,0,2,9.0,0.0,7.0,3,1,256,0.0,0.0019034023316678564,0.0,0.0,0.3333333333333333,0.0,0.0,0.0,0.0,0.0,0.0,0.0,0.0,0.0038808713126390055,0.0,0.003937007874015749,0.0,0.000464147736144116,0.0011713245117956038,0.006423982869379015,0.0021413276231263384
9894691303785821541,1,2,0,2,1,0,1,1,0,1,6.0,0.0,6.0,5.0,0.0,5.0,1.0,0.0,1.0,0.5,0.0,0.8333333333333334,0.0,0,0,2,7.0,0.0,5.0,3,1,256,0.0,0.0014275517487508922,0.0,0.0,0.3333333333333333,0.0,0.0,0.0,0.0,0.0,0.0,0.0,0.0,0.003869107728646416,0.0,0.003937007874015749,0.0,0.00010894338054417974,0.0011713245117956038,0.006423982869379015,0.0021413276231263384
8041594844355607095,1,2,0,2,1,0,1,1,0,1,8.0,0.0,8.0,6.0,0.0,6.0,2.0,0.0,2.0,0.5,0.0,0.75,0.0,0,0,2,9.0,0.0,7.0,3,1,256,0.0,0.0019034023316678564,0.0,0.0,0.3333333333333333,0.0,0.0,0.0,0.0,0.0,0.0,0.0,0.0,0.0038808713126390055,0.0,0.003937007874015749,4.903221805652169e-5,0.0,0.0011713245117956038,0.006423982869379015,0.0021413276231263384
1328895330201682426,1,2,0,2,1,0,1,1,0,1,4.0,0.0,4.0,3.0,0.0,3.0,1.0,0.0,1.0,0.5,0.0,0.75,0.0,0,0,2,5.0,0.0,3.0,3,1,256,0.0,0.0009517011658339282,0.0,0.0,0.3333333333333333,0.0,0.0,0.0,0.0,0.0,0.0,0.0,0.0,0.003863535162017939,0.0,0.003937007874015749,0.0,0.0003024366447646476,0.0011713245117956038,0.006423982869379015,0.0021413276231263384
589326327834452874,1,2,0,2,1,0,1,1,0,1,5.0,0.0,5.0,4.0,0.0,4.0,1.0,0.0,1.0,0.5,0.0,0.8,0.0,0,0,2,6.0,0.0,4.0,3,1,256,0.0,0.0011896264572924102,0.0,0.0,0.3333333333333333,0.0,0.0,0.0,0.0,0.0,0.0,0.0,0.0,0.003866321445332177,0.0,0.003937007874015749,0.0,4.107990438506626e-5,0.0011713245117956038,0.006423982869379015,0.0021413276231263384
9095254989403266821,1,2,0,2,1,0,1,1,0,1,6.0,0.0,6.0,5.0,0.0,5.0,1.0,0.0,1.0,0.5,0.0,0.8333333333333334,0.0,0,0,2,7.0,0.0,5.0,3,1,256,0.0,0.0014275517487508922,0.0,0.0,0.3333333333333333,0.0,0.0,0.0,0.0,0.0,0.0,0.0,0.0,0.003869107728646416,0.0,0.003937007874015749,0.0,0.00010894338054417974,0.0011713245117956038,0.006423982869379015,0.0021413276231263384
4753476185233156362,1,2,0,2,1,0,1,1,0,1,6.0,0.0,6.0,5.0,0.0,5.0,1.0,0.0,1.0,0.5,0.0,0.8333333333333334,0.0,0,0,2,7.0,0.0,5.0,3,1,256,0.0,0.0014275517487508922,0.0,0.0,0.3333333333333333,0.0,0.0,0.0,0.0,0.0,0.0,0.0,0.0,0.003869107728646416,0.0,0.003937007874015749,0.0,0.00032237645117799696,0.0011713245117956038,0.006423982869379015,0.0021413276231263384
2915369507078832842,1,2,0,2,1,0,1,1,0,1,8.0,0.0,8.0,7.0,0.0,7.0,1.0,0.0,1.0,0.5,0.0,0.875,0.0,0,0,2,9.0,0.0,7.0,3,1,256,0.0,0.0019034023316678564,0.0,0.0,0.3333333333333333,0.0,0.0,0.0,0.0,0.0,0.0,0.0,0.0,0.003874680295274892,0.0,0.003937007874015749,0.0,0.0002455904788852825,0.0011713245117956038,0.006423982869379015,0.0021413276231263384
2167846441639991300,1,1,0,1,1,0,1,0,0,0,6.0,0.0,6.0,6.0,0.0,6.0,0.0,0.0,0.0,1.0,0.0,1.0,0.0,0,0,1,7.0,0.0,5.0,2,1,255,0.0,0.0014275517487508922,0.0,0.0,0.5,0.0,0.0,0.0,0.0,0.0,0.0,0.0,0.0,0.0038629167112823014,0.0,0.003937007874015749,0.0,6.03632359037487e-5,0.0011667490254214023,0.004282655246252677,0.0021413276231263384
8431645294889390967,1,1,0,1,1,0,1,0,0,0,5.0,0.0,5.0,5.0,0.0,5.0,0.0,0.0,0.0,1.0,0.0,1.0,0.0,0,0,1,6.0,0.0,4.0,2,1,255,0.0,0.0011896264572924102,0.0,0.0,0.5,0.0,0.0,0.0,0.0,0.0,0.0,0.0,0.0,0.0038601304279680627,0.0,0.003937007874015749,0.0,5.1085966339847744e-5,0.0011667490254214023,0.004282655246252677,0.0021413276231263384
9876496512356443797,1,2,0,2,1,0,1,1,0,1,6.0,0.0,6.0,5.0,0.0,5.0,1.0,0.0,1.0,0.5,0.0,0.8333333333333334,0.0,0,0,2,7.0,0.0,5.0,3,1,256,0.0,0.0014275517487508922,0.0,0.0,0.3333333333333333,0.0,0.0,0.0,0.0,0.0,0.0,0.0,0.0,0.003869107728646416,0.0,0.003937007874015749,0.0,0.00032237645117799696,0.0011713245117956038,0.006423982869379015,0.0021413276231263384
505553444537236205,2,2,0,2,1,0,1,1,0,1,6.0,0.0,6.0,2.0,0.0,2.0,4.0,0.0,4.0,0.5,0.0,0.3333333333333333,0.0,0,0,2,7.0,0.0,5.0,3,1,256,0.0,0.0014275517487508922,0.0,0.0,0.3333333333333333,0.0,0.0,0.0,0.0,0.0,0.0,0.0,0.0,0.0038752987460105295,0.0,0.003937007874015749,0.00018557950774050758,0.0,0.0011713245117956038,0.006423982869379015,0.0021413276231263384
1584789428532191551,1,2,0,2,1,0,1,1,0,1,8.0,0.0,8.0,6.0,0.0,6.0,2.0,0.0,2.0,0.5,0.0,0.75,0.0,0,0,2,9.0,0.0,7.0,3,1,256,0.0,0.0019034023316678564,0.0,0.0,0.3333333333333333,0.0,0.0,0.0,0.0,0.0,0.0,0.0,0.0,0.0038808713126390055,0.0,0.003937007874015749,4.903221805652169e-5,0.0,0.0011713245117956038,0.006423982869379015,0.0021413276231263384
